ID,Name,Dumpster,Month,Year,Date,Weight,Volume,PlasticBottles,Polystyrene,CigaretteButts,GlassBottles,PlasticBags,Wrappers,SportsBalls,HomesPowered,plastic_dumping_score,drinking_smoking_score
mister,Mister Trash Wheel,1,May,2014,5/16/2014,4.31,18,1450,1820,126000,72,584,1162,7,0,-1.2619126779986471,3.589004472112328
mister,Mister Trash Wheel,2,May,2014,5/16/2014,2.74,13,1120,1030,91000,42,496,874,5,0,-0.9277194024595544,1.5585042770931659
mister,Mister Trash Wheel,3,May,2014,5/16/2014,3.4499999999999997,15,2450,3100,105000,50,1080,2032,6,0,-0.022252569611066735,1.8753452716606405
mister,Mister Trash Wheel,4,May,2014,5/17/2014,3.1,15,2380,2730,100000,52,896,1971,6,0,-0.2855759209038,2.064765582498378
mister,Mister Trash Wheel,5,May,2014,5/17/2014,4.06,18,980,870,120000,72,368,753,7,0,-1.6649417961457325,3.6788613714757012
mister,Mister Trash Wheel,6,May,2014,5/20/2014,2.71,13,1430,2140,90000,46,672,1144,5,0,-0.6660526522324934,1.7586126636254247
mister,Mister Trash Wheel,7,May,2014,5/21/2014,1.91,8,910,1090,56000,32,416,692,3,0,-0.8674220797293672,0.8881769290910301
mister,Mister Trash Wheel,8,May,2014,5/28/2014,3.7,16,3580,4310,112000,58,1552,3015,6,0,0.6498632743522882,2.2429345724254874
mister,Mister Trash Wheel,9,June,2014,6/5/2014,2.52,14,2400,2790,98000,49,984,1988,6,0,-0.13526615712358514,1.8349487272751515
mister,Mister Trash Wheel,10,June,2014,6/11/2014,3.76,18,1340,1730,130000,75,448,1066,7,0,-1.481369641782824,3.835171811017845
mister,Mister Trash Wheel,11,June,2014,6/11/2014,3.4299999999999997,15,740,869,110000,38,344,544,6,0,-1.0927593440273624,1.3414916578765075
mister,Mister Trash Wheel,12,June,2014,6/12/2014,4.17,19,950,1140,133000,45,520,727,8,0,-0.9786511205496473,1.774374253015418
mister,Mister Trash Wheel,13,June,2014,6/13/2014,5.13,15,530,630,104000,58,224,361,6,0,-1.6658332920761003,2.7673219302628413
mister,Mister Trash Wheel,14,June,2014,6/13/2014,4.17,15,840,760,100000,62,344,631,6,0,-1.5449208864921293,2.99811261104322
mister,Mister Trash Wheel,15,June,2014,6/19/2014,3.28,15,1130,1350,102000,64,432,883,6,0,-1.3778129828532504,3.0908972884870987
mister,Mister Trash Wheel,16,June,2014,6/19/2014,3.05,15,1640,2130,106000,56,752,1327,6,0,-0.7282931229696159,2.4248306571975338
mister,Mister Trash Wheel,17,June,2014,6/28/2014,2.49,13,1350,1620,89000,47,696,1075,5,0,-0.7283620410101491,1.8363579960027603
mister,Mister Trash Wheel,18,July,2014,7/3/2014,2.54,15,1640,1960,108000,65,744,1327,6,0,-0.9241383785773056,3.053209234076668
mister,Mister Trash Wheel,19,July,2014,7/7/2014,2.4099999999999997,15,1730,2100,107000,63,896,1405,6,0,-0.708525374128253,2.8733109839332927
mister,Mister Trash Wheel,20,July,2014,7/11/2014,3.83,18,5960,6540,132000,79,2560,5085,7,0,1.972435994137207,3.3082983516396633
mister,Mister Trash Wheel,21,July,2014,7/14/2014,2.73,15,2170,2620,112000,32,1144,1788,6,0,0.27765356963165566,0.6399195250090874
mister,Mister Trash Wheel,22,July,2014,7/15/2014,4.4,16,1930,2210,115000,53,688,1579,6,0,-0.6510428501412321,2.216297162063836
mister,Mister Trash Wheel,23,July,2014,7/15/2014,2.79,14,3200,3840,98000,25,1464,2684,6,0,1.0665876305652513,0.004650288035694529
mister,Mister Trash Wheel,24,July,2014,7/25/2014,2.5,13,2500,3040,85000,18,1248,2075,5,0,0.7537316725198355,-0.38206896914213867
mister,Mister Trash Wheel,25,August,2014,8/4/2014,4.39,16,2140,2050,118000,68,904,1762,6,0,-0.6998012585341447,3.1990144074006617
mister,Mister Trash Wheel,26,August,2014,8/4/2014,5.33,17,1630,1950,123000,75,512,1318,7,0,-1.333876304788796,3.8004367953910734
mister,Mister Trash Wheel,27,August,2014,8/13/2014,3.58,20,3640,4360,141000,82,1560,3067,8,0,0.22326562028160088,3.9032012077845604
mister,Mister Trash Wheel,28,August,2014,8/13/2014,3.1,17,1430,1870,121000,63,552,1144,7,0,-1.1203134815639786,2.972428211298039
mister,Mister Trash Wheel,29,August,2014,8/19/2014,1.77,10,570,780,32000,21,310,1440,4,0,-0.6052925329411436,0.110817990146707
mister,Mister Trash Wheel,30,September,2014,9/3/2014,3.76,18,4800,3640,310000,110,1880,2200,7,0,-0.22691000400709752,5.8575080190967475
mister,Mister Trash Wheel,31,September,2014,9/24/2014,1.24,8,550,860,18000,11,420,1040,3,0,-0.4086419825741367,-0.5870462789824267
mister,Mister Trash Wheel,32,September,2014,9/26/2014,3.14,15,2240,2880,112000,42,1200,1860,6,0,0.1800849749348157,1.310432047718531
mister,Mister Trash Wheel,33,October,2014,10/3/2014,2.71,16,4220,4840,84000,38,1400,2140,6,0,0.721302026304108,0.9255537812652465
mister,Mister Trash Wheel,34,October,2014,10/9/2014,2.11,14,1400,1650,80000,18,1450,2030,6,0,0.7869909337320765,-0.39592970998454297
mister,Mister Trash Wheel,35,October,2014,10/20/2014,4.09,18,2820,3010,78000,7,990,1450,7,0,0.5671307657839468,-1.0519750360450382
mister,Mister Trash Wheel,36,October,2014,10/20/2014,2.3099999999999996,14,1900,2240,81000,22,840,1260,6,0,0.001443137388509133,0.048409775546140496
mister,Mister Trash Wheel,37,October,2014,10/24/2014,3.5,15,3650,3880,94000,51,1210,1840,6,0,0.12148886951233429,1.9064404015734118
mister,Mister Trash Wheel,38,November,2014,11/06/14,2.7,15,760,1680,22000,18,960,1720,6,0,0.21874740009951377,-0.2772431517960757
mister,Mister Trash Wheel,39,November,2014,11/17/14,3.25,18,1250,2730,46000,28,1130,2340,7,0,0.45457848921493865,0.32442471025131886
mister,Mister Trash Wheel,40,November,2014,11/20/14,3.84,15,880,1840,35000,14,730,1760,6,0,0.1099385568082241,-0.5063006904185822
mister,Mister Trash Wheel,41,November,2014,11/28/14,2.88,15,1800,3970,52000,32,560,1850,6,0,-0.16262381659146416,0.7322635073452746
mister,Mister Trash Wheel,42,December,2014,12/1/2014,1.81,17,1370,3140,38000,28,950,1620,7,0,0.13809686936230817,0.39601439877475464
mister,Mister Trash Wheel,43,December,2014,12/17/2014,3.48,15,550,1450,22000,34,740,1280,6,0,-0.4340658484204339,0.9094130711722935
mister,Mister Trash Wheel,44,December,2014,12/30/2014,3.18,15,640,1670,26000,42,880,1540,6,0,-0.36795638280674775,1.4134145584569187
mister,Mister Trash Wheel,45,January,2015,1/12/2015,2.8699999999999997,17,1160,2250,31000,60,1120,2450,7,0,-0.1938581080097213,2.5425478169197047
mister,Mister Trash Wheel,46,January,2015,1/23/2015,2,14,1570,2400,33000,37,380,910,6,0,-0.8177301994057126,1.1993474387689471
mister,Mister Trash Wheel,47,January,2015,1/26/2015,2.14,13,1340,2650,28000,46,430,1170,5,0,-0.862925159925039,1.7915289861084969
mister,Mister Trash Wheel,48,February,2015,2/4/2015,2.54,15,1740,2250,22000,38,320,980,3,42,-0.891641640363572,1.2786374771479057
mister,Mister Trash Wheel,49,March,2015,3/9/2015,3.82,18,2870,3240,25000,26,540,860,8,64,-0.3679769166253967,0.3840189680523942
mister,Mister Trash Wheel,50,March,2015,3/13/2015,1.83,15,3120,5430,32000,54,650,1120,16,31,-0.5307063223522049,2.241579847166667
mister,Mister Trash Wheel,51,March,2015,3/27/2015,2.02,15,2780,4980,26000,47,470,960,14,34,-0.655977506065542,1.8148475947470823
mister,Mister Trash Wheel,52,April,2015,4/8/2015,2.5,18,2240,2360,27000,46,270,840,13,42,-1.0995095828554495,1.8486873706039826
mister,Mister Trash Wheel,53,April,2015,4/10/2015,3.4099999999999997,15,2550,3420,32000,32,320,1260,16,57,-0.5709231478406481,0.8242487056967589
mister,Mister Trash Wheel,54,April,2015,4/19/2015,1.83,11,1470,1840,18000,22,240,680,8,31,-0.7731209271355125,0.21372822234345779
mister,Mister Trash Wheel,55,April,2015,4/20/2015,3.84,18,1240,1630,23000,18,430,760,5,64,-0.5205606229410886,-0.10461887658443615
mister,Mister Trash Wheel,56,April,2015,4/20/2015,3.22,15,1150,1420,19000,16,370,590,8,54,-0.6008753709189854,-0.2164904904112807
mister,Mister Trash Wheel,57,April,2015,4/20/2015,3.03,15,2850,3160,18000,15,350,610,11,0,-0.40534976954823676,-0.3204731000152572
mister,Mister Trash Wheel,58,April,2015,4/20/2015,2.64,18,960,1280,22000,22,450,820,7,0,-0.5989077824852961,0.17165186742451335
mister,Mister Trash Wheel,59,April,2015,4/20/2015,3.54,15,870,1140,18000,17,330,620,6,59,-0.6825663158597945,-0.1340494067436089
mister,Mister Trash Wheel,60,May,2015,5/15/2015,1.95,9,1340,2150,22000,16,190,530,8,33,-0.7163038753803878,-0.18683419024822903
mister,Mister Trash Wheel,61,May,2015,5/17/2015,4.25,18,2630,3480,38000,36,1240,1760,22,71,0.35980114267508734,0.8668455493762081
mister,Mister Trash Wheel,62,May,2015,5/17/2015,5.619999999999999,15,1850,3270,54000,44,970,1320,28,94,-0.18512095253792285,1.5145759190181203
mister,Mister Trash Wheel,63,May,2015,5/18/2015,3.81,15,2830,3780,48000,28,650,1130,19,64,-0.17089268843882205,0.475969254407842
mister,Mister Trash Wheel,64,May,2015,5/19/2015,3.4499999999999997,18,1740,2630,32000,16,820,1250,32,58,0.13404936822272343,-0.37745093328447693
mister,Mister Trash Wheel,65,May,2015,5/19/2015,3.34,15,2780,3250,37000,32,1140,1960,24,56,0.377535644907729,0.6046892129895927
mister,Mister Trash Wheel,66,June,2015,6/1/2015,2.54,15,1260,1830,56000,56,1230,2140,26,42,-0.10373487199161677,2.2701292598733045
mister,Mister Trash Wheel,67,June,2015,6/9/2015,4.659999999999999,18,2340,3460,48000,42,1620,1840,36,78,0.629651452118325,1.195354593918416
mister,Mister Trash Wheel,68,June,2015,6/9/2015,3.3899999999999997,15,3240,4360,33000,23,1430,1760,24,57,0.8801622450322447,-0.0948241030785677
mister,Mister Trash Wheel,69,June,2015,6/9/2015,3.17,15,940,1220,35000,18,840,960,9,53,-0.11856473678123025,-0.19698462525384247
mister,Mister Trash Wheel,70,June,2015,6/9/2015,3.15,18,830,1150,37000,26,920,1050,16,53,-0.17671946195756363,0.3356741253789586
mister,Mister Trash Wheel,71,June,2015,6/9/2015,3.83,15,960,1190,33000,22,730,940,22,0,-0.2966687986343715,0.10554459605134839
mister,Mister Trash Wheel,72,June,2015,6/10/2015,4.78,15,870,1040,32000,24,820,960,17,80,-0.2649246733844342,0.22580460985357695
mister,Mister Trash Wheel,73,June,2015,6/10/2015,3.85,18,920,1290,34000,26,930,1020,13,0,-0.1641386500606403,0.3317930235799515
mister,Mister Trash Wheel,74,June,2015,6/10/2015,4.48,15,1130,1370,38000,29,1270,1450,14,0,0.22101245093623115,0.4376783351800688
mister,Mister Trash Wheel,75,June,2015,6/10/2015,4.18,15,1060,1250,37000,27,1340,1420,21,0,0.31145694571719273,0.2874778693105921
mister,Mister Trash Wheel,76,June,2015,6/10/2015,3.38,18,740,930,34000,19,1130,1340,15,0,0.2071111818673884,-0.2082804427556339
mister,Mister Trash Wheel,77,June,2015,6/10/2015,3.83,15,950,1220,35000,21,1370,1430,13,0,0.44608430176062225,-0.13443261813438115
mister,Mister Trash Wheel,78,June,2015,6/12/2015,3.95,15,2340,3250,65000,45,2730,3340,18,0,1.9710343748312673,1.0772036261145184
mister,Mister Trash Wheel,79,June,2015,6/15/2015,2.44,18,2660,3420,72000,37,2430,3170,16,41,1.821383842866128,0.5971013725253262
mister,Mister Trash Wheel,80,June,2015,6/18/2015,2.8499999999999996,15,2430,3120,68000,35,2370,2820,22,48,1.6870394958028438,0.4974870230247707
mister,Mister Trash Wheel,81,June,2015,6/24/2015,3.4299999999999997,15,2690,3370,82000,29,1910,2180,32,57,1.2464434038944794,0.21778609374974342
mister,Mister Trash Wheel,82,June,2015,6/24/2015,4.28,18,1540,1780,45000,24,1830,1990,18,71,1.032623113497248,-0.07201189703300362
mister,Mister Trash Wheel,83,June,2015,6/24/2015,3.94,15,1240,1450,37000,31,1650,1780,21,66,0.639235037568989,0.4704190095099595
mister,Mister Trash Wheel,84,June,2015,6/28/2015,3.38,15,2870,3560,68000,36,2140,2450,34,56,1.414482327372041,0.6292251690441046
mister,Mister Trash Wheel,85,June,2015,6/28/2015,3.4499999999999997,18,2450,3240,74000,41,2320,2750,19,58,1.5166272172875086,0.9266765395157204
mister,Mister Trash Wheel,86,June,2015,6/29/2015,3.93,15,1830,2240,36000,28,1630,2450,14,66,0.924353582850069,0.212479984672256
mister,Mister Trash Wheel,87,July,2015,7/7/2015,4.07,15,2360,3120,82000,32,1840,2950,22,68,1.2814509648093266,0.4032769073263588
mister,Mister Trash Wheel,88,July,2015,7/8/2015,3.03,18,2640,3520,68000,28,1460,2630,16,51,0.9509029808466681,0.2188095718610642
mister,Mister Trash Wheel,89,July,2015,7/14/2015,3.52,15,2840,3360,65000,41,1690,2580,25,59,0.9001345150922375,1.0720364735355532
mister,Mister Trash Wheel,90,July,2015,7/14/2015,3.51,15,2640,3120,76000,38,2130,2760,27,59,1.3983449349411001,0.76279062585192
mister,Mister Trash Wheel,91,July,2015,7/27/2015,3.68,18,3070,4250,82000,26,1770,2540,18,61,1.337992192261745,0.0034026935983318667
mister,Mister Trash Wheel,92,July,2015,7/29/2015,3.4,15,2820,3740,75000,31,2400,2940,20,57,1.8862690309748231,0.1953741790251745
mister,Mister Trash Wheel,93,August,2015,8/4/2015,3.72,15,2640,3250,68000,26,1860,2730,17,62,1.3688002375793669,-0.009509856272710174
mister,Mister Trash Wheel,94,August,2015,8/18/2015,1.84,9,870,980,34000,13,750,930,56,31,-0.09843032450265021,-0.5176343122754121
mister,Mister Trash Wheel,95,August,2015,8/21/2015,3,15,3220,3460,67000,36,2170,2450,32,50,1.4387454171371448,0.6233355188870723
mister,Mister Trash Wheel,96,August,2015,8/25/2015,4.33,18,1980,2190,48000,21,1600,1840,22,72,0.8848927106227559,-0.22843503338751814
mister,Mister Trash Wheel,97,August,2015,8/25/2015,4.3,15,410,540,3000,16,250,330,6,0,-0.8792985226020094,-0.15871173035626174
mister,Mister Trash Wheel,98,August,2015,8/26/2015,3.3899999999999997,15,640,780,32000,18,350,560,3,0,-0.73297766624047,-0.056031513159237954
mister,Mister Trash Wheel,99,September,2015,9/11/2015,4.08,18,2730,3140,54000,45,2430,2680,17,0,1.514053037060972,1.1808693501451673
mister,Mister Trash Wheel,100,September,2015,9/11/2015,3.62,15,1360,1570,26000,25,1420,1570,13,0,0.4879224852898791,0.11407559408448703
mister,Mister Trash Wheel,101,September,2015,9/22/2015,2.4,7,760,1030,24000,16,780,1340,12,0,-0.06108907963934814,-0.3413444387239451
mister,Mister Trash Wheel,102,September,2015,9/30/2015,4.24,18,1240,1460,46000,43,860,920,7,0,-0.5638250823964414,1.52788528189742
mister,Mister Trash Wheel,103,September,2015,9/30/2015,3.3099999999999996,15,800,920,32000,26,270,450,8,55,-0.9711459335141203,0.5186643768067671
mister,Mister Trash Wheel,104,October,2015,10/12/2015,2.9,15,2540,2780,42000,54,2230,3140,16,0,1.2285692464184816,1.8278882394558422
mister,Mister Trash Wheel,105,October,2015,10/27/2015,2.46,18,2130,2560,34000,43,1970,2430,23,41,0.9911636297584738,1.1686340270787166
mister,Mister Trash Wheel,106,October,2015,10/31/2015,2.8899999999999997,15,2670,2820,36000,35,2450,2830,33,48,1.7423679543367223,0.4786341845386807
mister,Mister Trash Wheel,107,November,2015,11/20/2015,4.46,15,1940,2230,28000,47,2960,3320,27,0,2.0418209172151314,1.1797190954640204
mister,Mister Trash Wheel,108,December,2015,12/2/2015,3.42,18,2140,2570,19000,62,3100,3540,15,0,1.9614382204657805,2.1660758303291585
mister,Mister Trash Wheel,109,December,2015,12/2/2015,3.56,15,1960,2340,21000,56,3300,4120,21,0,2.39499650480496,1.678247675861072
mister,Mister Trash Wheel,110,December,2015,12/23/2015,1.92,12,1640,2150,32000,32,2430,2660,9,32,1.6374191013737007,0.30050901738509783
mister,Mister Trash Wheel,111,December,2015,12/24/2015,2.9,18,1850,2670,33000,36,2770,3240,13,48,2.082076262017368,0.45817398259360886
mister,Mister Trash Wheel,112,December,2015,12/26/2015,3.24,15,2370,3240,24000,42,1830,2250,22,54,0.8939507300663352,1.1256412533420643
mister,Mister Trash Wheel,113,December,2015,12/26/2015,4.41,15,2530,3300,41000,47,2190,3540,17,74,1.474337749949309,1.319485986489571
mister,Mister Trash Wheel,114,December,2015,12/26/2015,3.3899999999999997,18,2720,3690,23000,22,2520,3360,27,57,2.263539671351275,-0.48572411877870103
mister,Mister Trash Wheel,115,December,2015,12/26/2015,3.27,15,2250,3180,37000,63,2740,2840,8,55,1.4807964946964698,2.3465740242974
mister,Mister Trash Wheel,116,January,2016,1/10/2016,3.6,15,3240,4160,28000,54,1360,2580,17,60,0.39898292043781447,2.0233817593659245
mister,Mister Trash Wheel,117,February,2016,2/2/2016,4.06,18,3530,4620,24000,62,1850,2210,14,68,0.6549858016012646,2.478593863032727
mister,Mister Trash Wheel,118,February,2016,2/3/2016,2.11,15,2340,3870,31000,46,2130,2680,21,35,1.2655172407119044,1.3004032047095817
mister,Mister Trash Wheel,119,February,2016,2/5/2016,3.01,15,2460,3640,27000,38,1920,2390,26,50,1.1331689187027234,0.8132442323880738
mister,Mister Trash Wheel,120,February,2016,2/17/2016,3.4099999999999997,18,1340,1680,24000,22,1530,1940,6,57,0.7466138856656707,-0.14138702661883978
mister,Mister Trash Wheel,121,February,2016,2/19/2016,3.66,15,950,1120,21000,32,1370,1640,4,61,0.26642932466462854,0.6149105835794998
mister,Mister Trash Wheel,122,February,2016,2/25/2016,4.51,15,2240,3150,36000,46,2450,3140,16,75,1.615588078813634,1.217760643132754
mister,Mister Trash Wheel,123,March,2016,3/1/2016,2.8899999999999997,18,3050,3270,29000,24,1740,2250,24,48,1.1758987902943392,-0.1019885573445032
mister,Mister Trash Wheel,124,March,2016,3/11/2016,2.8899999999999997,15,1630,1820,18000,37,2150,2390,23,48,1.1861100818052956,0.7282177411825697
mister,Mister Trash Wheel,125,March,2016,3/12/2016,2.51,15,1120,1460,17000,43,2270,2490,18,42,1.1623663840426093,1.1193055396905558
mister,Mister Trash Wheel,126,March,2016,3/15/2016,3.58,18,3340,3640,45000,48,3450,3740,46,60,2.7647446857349407,1.0873673805339084
mister,Mister Trash Wheel,127,March,2016,3/29/2016,3.4099999999999997,15,3560,3740,43000,53,3320,3570,38,57,2.508343076562119,1.4694809501290613
mister,Mister Trash Wheel,128,April,2016,4/8/2016,2.79,15,2460,3150,38000,46,3540,3840,24,47,2.83250350157229,0.9342069771558977
mister,Mister Trash Wheel,129,April,2016,4/30/2016,4.21,18,3860,4240,47000,18,3200,3470,36,70,3.0955969260805056,-0.9305861825042807
mister,Mister Trash Wheel,130,April,2016,4/30/2016,4.88,15,3230,3640,52000,27,3750,3940,42,81,3.500601700118327,-0.443162212505862
mister,Mister Trash Wheel,131,April,2016,4/30/2016,4.470000000000001,15,3760,4150,45000,40,2840,3270,23,75,2.2591961539325967,0.6860194899642779
mister,Mister Trash Wheel,132,April,2016,4/30/2016,3.29,18,3640,3520,52000,33,2530,2940,34,55,1.9712332547834823,0.3026592985538264
mister,Mister Trash Wheel,133,May,2016,5/7/2016,4.159999999999999,15,4230,4620,53000,34,2727,3360,38,69,2.357302882735848,0.28155553411278383
mister,Mister Trash Wheel,134,May,2016,5/12/2016,2.9299999999999997,15,3590,3840,47000,42,1760,2640,26,49,1.0146798560425234,1.108025541339611
mister,Mister Trash Wheel,135,May,2016,5/31/2016,2.3699999999999997,18,3740,4120,56000,65,1680,2530,32,40,0.5026434517595525,2.719915235581474
mister,Mister Trash Wheel,136,June,2016,6/15/2016,2.57,15,4200,4630,38000,53,1480,1760,43,43,0.40794768031461043,1.9634007175112311
mister,Mister Trash Wheel,137,June,2016,6/16/2016,2.3899999999999997,15,3840,3990,41000,32,1540,2030,38,40,0.8716260883824166,0.4947401846562638
mister,Mister Trash Wheel,138,June,2016,6/21/2016,3.98,15,4350,4120,45000,42,1630,2140,24,66,0.8024171211275811,1.1576929760296777
mister,Mister Trash Wheel,139,June,2016,6/22/2016,3.47,15,3960,3720,52000,38,1870,2200,35,58,1.0892423335489512,0.8334319424100807
mister,Mister Trash Wheel,140,June,2016,6/24/2016,3.97,18,4150,3970,48000,41,1530,1700,26,66,0.6008973584032689,1.1396295457413308
mister,Mister Trash Wheel,141,June,2016,6/30/2016,3.12,18,4450,4310,58000,43,2130,2410,29,52,1.3499824082343754,1.098087547436909
mister,Mister Trash Wheel,142,July,2016,7/1/2016,3.17,15,3460,3820,43000,38,2240,2670,31,53,1.5505598780498975,0.7222263316411284
mister,Mister Trash Wheel,143,July,2016,7/13/2016,2.12,15,2850,3120,52000,53,1930,2150,28,35,0.7625790452608352,1.8758943713599263
mister,Mister Trash Wheel,144,July,2016,7/23/2016,2.3099999999999996,18,3560,3780,65000,33,2460,2520,34,39,1.8239268439867693,0.33952457698505
mister,Mister Trash Wheel,145,July,2016,7/28/2016,3.16,15,4130,4360,52000,54,2610,2900,26,53,1.7084416511580915,1.7235854526690129
mister,Mister Trash Wheel,146,July,2016,7/29/2016,4.02,15,4350,4600,55000,34,2430,2780,38,67,1.9310243938639762,0.381161424588396
mister,Mister Trash Wheel,147,July,2016,7/29/2016,3.26,18,4420,4850,65000,48,2340,2580,25,54,1.5407875994366282,1.3786977258927617
mister,Mister Trash Wheel,148,July,2016,7/31/2016,3.82,15,2130,2240,35000,45,1830,2140,16,64,0.7128872613111729,1.3611992026872053
mister,Mister Trash Wheel,149,July,2016,7/31/2016,4.88,15,2450,2500,32000,33,1950,2070,24,81,1.075003907412943,0.5011837987507712
mister,Mister Trash Wheel,150,August,2016,8/4/2016,5.05,18,2300,2260,16000,28,1360,1650,15,84,0.4720527036698202,0.31317468670436543
mister,Mister Trash Wheel,151,August,2016,8/16/2016,2.79,15,2850,3120,34000,42,2100,2630,31,47,1.2543321704061638,1.0462082111384392
mister,Mister Trash Wheel,152,August,2016,8/17/2016,3.47,15,2640,2900,38000,37,2340,2760,22,58,1.5802637083985027,0.6447231722349958
mister,Mister Trash Wheel,153,August,2016,8/19/2016,4.01,18,3250,3570,42000,56,2700,3020,28,67,1.6963935889011443,1.8509401700754882
mister,Mister Trash Wheel,154,August,2016,8/24/2016,3.18,15,2530,2740,52000,38,2810,3150,32,53,2.0993422857125594,0.5923240081752269
mister,Mister Trash Wheel,155,September,2016,9/2/2016,3.13,15,2780,2640,38000,21,2130,2830,15,52,1.6829831013841854,-0.41525332355110833
mister,Mister Trash Wheel,156,September,2016,9/7/2016,2.4299999999999997,18,2740,3360,24000,32,2210,2490,28,41,1.529140910351757,0.331489010583798
mister,Mister Trash Wheel,157,September,2016,9/19/2016,3.08,15,2530,3460,21000,38,2300,2760,33,51,1.5747850116602988,0.7095085458599608
mister,Mister Trash Wheel,158,October,2016,10/9/2016,2.9,15,1876,3990,27600,10,1240,1980,11,48,0.9361602194828348,-0.9546028854776681
mister,Mister Trash Wheel,159,October,2016,10/27/2016,3,18,2340,3150,19000,46,2470,2810,37,50,1.5646801166890127,1.2285366078656097
mister,Mister Trash Wheel,160,November,2016,11/17/2016,2.01,15,2244,4358,27000,64,3400,3700,22,34,2.4153828422809744,2.1952813349476563
mister,Mister Trash Wheel,161,November,2016,11/29/2016,1.98,15,2980,4460,36000,18,1880,1610,11,33,1.3566085338223002,-0.5333574523466199
mister,Mister Trash Wheel,162,November,2016,11/30/2016,2.75,18,3460,5840,16000,42,3260,3430,34,46,2.8016459640756866,0.6852628860386468
mister,Mister Trash Wheel,163,December,2016,12/1/2016,3.4099999999999997,15,1840,4760,23000,43,3470,3800,6,57,2.925674929455483,0.7133718423994626
mister,Mister Trash Wheel,164,December,2016,12/6/2016,2.55,15,1360,3850,34000,39,2340,4220,24,43,1.972863289533033,0.6850878402844642
mister,Mister Trash Wheel,165,December,2016,12/16/2016,1.74,18,1880,2890,26000,59,2100,4040,20,29,1.233736766942328,2.149004776890401
mister,Mister Trash Wheel,166,December,2016,1/2/2017,2.13,15,2460,2740,32000,48,3250,4430,15,36,2.624920534372105,1.1109395990317725
mister,Mister Trash Wheel,167,January,2017,1/19/2017,2.4299999999999997,15,2260,2780,28000,36,2870,3640,22,41,2.3018035998643693,0.40891634861286186
mister,Mister Trash Wheel,168,February,2017,2/26/2017,2.32,18,2890,2460,30000,22,2610,3250,19,39,2.2099323758406517,-0.47531116444796767
mister,Mister Trash Wheel,169,February,2017,2/26/2017,3.72,15,2140,1870,15000,23,2040,2450,12,62,1.37243759966784,-0.22241734229826565
mister,Mister Trash Wheel,170,March,2017,3/30/2017,2.14,15,2570,2930,23000,28,2650,2910,14,36,2.074472398950354,-0.058718290741331995
mister,Mister Trash Wheel,171,March,2017,3/31/2017,2.74,18,2030,2340,14000,18,1960,2150,18,46,1.3615666333500105,-0.5425875375764204
mister,Mister Trash Wheel,172,March,2017,3/31/2017,2.63,15,1940,2170,12000,15,1820,1980,10,44,1.2201998728034897,-0.7060371957459604
mister,Mister Trash Wheel,173,March,2017,3/31/2017,2.09,15,1870,2040,11000,13,1950,2210,6,35,1.423312699168516,-0.8839809634997616
mister,Mister Trash Wheel,174,April,2017,4/1/2017,2.67,18,1920,2130,13000,21,2230,2590,8,45,1.6406131888389757,-0.41583035770724913
mister,Mister Trash Wheel,175,April,2017,4/1/2017,2.67,18,1920,2130,13000,21,2230,2590,8,45,1.6406131888389757,-0.41583035770724913
mister,Mister Trash Wheel,176,April,2017,4/6/2017,3.55,15,2230,2540,2000,16,1480,1670,5,59,0.8329142187243516,-0.5526979531862282
mister,Mister Trash Wheel,177,April,2017,4/6/2017,3.89,18,980,1120,3000,14,1500,1730,3,65,0.7537278379932156,-0.6682941802868015
mister,Mister Trash Wheel,178,April,2017,4/6/2017,3.59,15,650,720,2000,10,1140,1450,5,60,0.37983378216983843,-0.8405868750428889
mister,Mister Trash Wheel,179,April,2017,4/6/2017,3.13,15,430,560,4000,9,870,990,7,52,0.01142131627506045,-0.819472925308281
mister,Mister Trash Wheel,180,April,2017,4/6/2017,3.3299999999999996,18,390,460,2000,8,720,850,2,56,-0.16067814787259688,-0.8454732122105597
mister,Mister Trash Wheel,181,April,2017,4/7/2017,3.11,15,490,510,3000,11,1020,1110,7,52,0.14111761073122528,-0.7207046986644559
mister,Mister Trash Wheel,182,April,2017,4/7/2017,3.04,15,210,340,2000,12,890,1040,3,51,-0.042722824705946336,-0.6145488789627439
mister,Mister Trash Wheel,183,April,2017,4/7/2017,3.21,18,560,670,2000,15,920,1080,4,54,-0.025227079804970406,-0.4231200561520118
mister,Mister Trash Wheel,184,April,2017,4/7/2017,4.08,15,470,560,3000,12,780,820,5,68,-0.1757696096814902,-0.582290838200519
mister,Mister Trash Wheel,185,April,2017,4/7/2017,3.26,15,390,450,2000,8,830,990,8,54,-0.017299517995532823,-0.8779074851798453
mister,Mister Trash Wheel,186,April,2017,4/8/2017,3.36,18,460,620,1000,9,790,830,10,56,-0.09718856320295954,-0.794308500178635
mister,Mister Trash Wheel,187,April,2017,4/8/2017,3.62,15,530,670,2000,13,1120,1340,5,60,0.26827712656731045,-0.6209188962242623
mister,Mister Trash Wheel,188,April,2017,4/8/2017,4.2700000000000005,15,460,530,1000,12,820,1030,7,71,-0.0864612403186814,-0.6029068880846703
mister,Mister Trash Wheel,189,April,2017,4/8/2017,4.01,18,340,510,2000,10,730,910,5,67,-0.16866043733251118,-0.7135335814115078
mister,Mister Trash Wheel,190,April,2017,4/8/2017,3.88,15,360,490,1000,15,820,950,8,65,-0.16942757368385244,-0.38967280894816564
mister,Mister Trash Wheel,191,April,2017,4/21/2017,4.67,15,2540,2330,12000,32,2450,2670,10,78,1.6871030576178492,0.2862458593522065
mister,Mister Trash Wheel,192,May,2017,5/5/2017,3.53,18,2870,3140,16000,21,3460,3720,11,59,3.1990026364521533,-0.7760486628044305
mister,Mister Trash Wheel,193,May,2017,5/5/2017,4.07,15,2230,2820,14000,19,3250,3890,14,68,3.043901721523969,-0.8697674719748777
mister,Mister Trash Wheel,194,May,2017,5/6/2017,3.93,15,2340,2530,15000,18,2890,3100,12,66,2.4979921594272256,-0.8083564233698375
mister,Mister Trash Wheel,195,May,2017,5/11/2017,2.59,18,2560,2430,18000,16,3120,3240,8,43,2.7820116577747784,-1.0042426752638511
mister,Mister Trash Wheel,196,May,2017,5/11/2017,3.81,15,2340,2250,19000,22,2830,3020,5,64,2.3143796882183416,-0.5073901540309239
mister,Mister Trash Wheel,197,May,2017,5/22/2017,3.3,15,2480,2320,14000,21,2990,3120,9,55,2.520672399872627,-0.6206388177510171
mister,Mister Trash Wheel,198,May,2017,5/22/2017,3.84,18,2540,2410,15000,16,1980,2230,5,64,1.4450891862681157,-0.692370963133724
mister,Mister Trash Wheel,199,May,2017,5/26/2017,4.1,15,2980,2830,17000,18,2590,2730,14,68,2.1625552662949623,-0.7275746642154362
mister,Mister Trash Wheel,200,June,2017,6/21/2017,4.1,18,3250,2980,21000,23,3460,3640,12,68,3.1355961954271523,-0.6302641454539123
mister,Mister Trash Wheel,201,June,2017,6/21/2017,2.52,15,3340,3120,26000,16,2640,3010,8,42,2.3500993723843684,-0.8980046711819231
mister,Mister Trash Wheel,202,June,2017,6/27/2017,1.95,15,2850,2560,17000,21,2430,2790,7,33,1.9367478400380806,-0.48193390660360047
mister,Mister Trash Wheel,203,July,2017,7/3/2017,3.58,18,3220,3140,23000,24,2870,3160,18,60,2.4573401253329545,-0.4048121232530306
mister,Mister Trash Wheel,204,July,2017,7/3/2017,1.5,15,2110,1920,14000,32,1780,2140,11,25,0.877440104058772,0.47524123093151743
mister,Mister Trash Wheel,205,July,2017,7/12/2017,3.63,15,3670,3240,32000,34,3020,3560,22,61,2.531086004799051,0.22949223347499903
mister,Mister Trash Wheel,206,July,2017,7/27/2017,2.21,18,2890,2710,11000,20,2890,3250,13,37,2.523868504067522,-0.6840491295744436
mister,Mister Trash Wheel,207,July,2017,7/28/2017,4.04,15,1460,1250,9000,12,1120,1540,21,67,0.4235859343992988,-0.7142877674941138
mister,Mister Trash Wheel,208,August,2017,8/2/2017,3.87,15,3240,3120,18000,27,2780,3170,14,65,2.31088788953609,-0.17802426885104472
mister,Mister Trash Wheel,209,August,2017,8/4/2017,3.68,18,3530,3240,26000,25,3250,3590,9,61,2.9139386589695113,-0.44693440380051064
mister,Mister Trash Wheel,210,August,2017,8/7/2017,2.17,15,2760,2500,19000,31,2230,2740,6,36,1.5350992513146675,0.2595538172668457
mister,Mister Trash Wheel,211,August,2017,8/11/2017,2.1,15,2980,2740,22000,28,2640,2930,13,35,2.0601316880335334,-0.05528237059956462
mister,Mister Trash Wheel,212,August,2017,8/18/2017,3.7,18,2430,2010,27000,36,2910,3310,11,62,2.1810355946247397,0.4329592048332924
mister,Mister Trash Wheel,213,August,2017,8/19/2017,3.3899999999999997,15,1500,1390,12000,42,600,750,6,57,-0.8451643060520985,1.5214130911580332
mister,Mister Trash Wheel,214,August,2017,8/19/2017,3.14,15,1270,1140,9000,13,780,890,8,52,-0.10579470012150319,-0.5293807733784771
mister,Mister Trash Wheel,215,August,2017,8/19/2017,3.54,18,1340,1180,13000,31,630,1250,5,59,-0.49956268554921546,0.7294971289638091
mister,Mister Trash Wheel,216,September,2017,9/12/2017,3.07,18,2780,2540,11000,21,1460,1870,6,51,0.7827064179038457,-0.2135229165684554
mister,Mister Trash Wheel,217,September,2017,9/25/2017,2.15,15,2910,2890,14000,32,1870,2140,12,36,1.0648941586487328,0.43442552845350896
mister,Mister Trash Wheel,218,October,2017,10/11/2017,2.76,15,2760,2450,11000,24,1640,2350,8,46,1.0097926796758867,-0.07154656647695193
mister,Mister Trash Wheel,219,October,2017,10/25/2017,2.76,18,2950,2780,10000,29,1780,2130,7,46,1.021101982122445,0.24884116088016722
mister,Mister Trash Wheel,220,November,2017,11/14/2017,2.38,15,2550,2870,12000,23,1640,2210,13,40,1.031155757167205,-0.14018105801147931
mister,Mister Trash Wheel,221,November,2017,11/15/2017,2.02,15,2720,2980,11000,32,1870,2340,11,34,1.1183067877212214,0.4214169801056997
mister,Mister Trash Wheel,222,January,2018,1/15/2018,2.17,15,2540,3160,15000,28,2220,2560,12,36,1.5959142938130748,0.05158669318482508
mister,Mister Trash Wheel,223,January,2018,1/25/2018,2.08,15,2370,2790,21000,12,1540,2760,8,35,1.2772384822259801,-0.9069340215588844
mister,Mister Trash Wheel,224,February,2018,2/5/2018,3.12,18,2250,3120,18000,16,1630,2800,6,52,1.319378686706513,-0.6588076497626077
mister,Mister Trash Wheel,225,February,2018,2/5/2018,2.4499999999999997,15,1260,1670,22000,9,870,1580,4,41,0.2793465917036075,-0.8733848982400775
mister,Mister Trash Wheel,226,February,2018,2/5/2018,3.72,15,950,1470,16000,11,920,1340,6,62,0.2027936911902019,-0.7288363060302007
mister,Mister Trash Wheel,227,February,2018,2/6/2018,4,18,1020,1590,14000,7,1110,1850,12,67,0.6052488321079038,-1.0800278853518663
mister,Mister Trash Wheel,228,February,2018,2/11/2018,3.54,15,2250,2560,24000,18,1430,2260,14,59,0.9136184311841692,-0.4335616058972436
mister,Mister Trash Wheel,229,February,2018,2/11/2018,3.19,15,1130,1470,12000,10,650,1400,5,53,-0.01563374982910905,-0.742311616818301
mister,Mister Trash Wheel,230,February,2018,2/11/2018,4.51,18,1240,1510,11000,6,710,1390,4,75,0.12018851697677,-1.0332538840203336
mister,Mister Trash Wheel,231,February,2018,2/13/2018,2.97,15,1950,2130,16000,3,1050,1670,8,50,0.643595178653572,-1.3457772240292472
mister,Mister Trash Wheel,232,February,2018,2/13/2018,3.78,15,1460,1620,12000,5,630,1320,3,63,0.0598425709436545,-1.0831652300942614
mister,Mister Trash Wheel,233,March,2018,3/6/2018,2.66,15,2210,2650,18000,11,1420,1710,7,44,0.8990386315968371,-0.8871471085795151
mister,Mister Trash Wheel,234,March,2018,3/6/2018,2.64,15,2470,2810,19000,13,1540,1980,10,44,1.0642839616459827,-0.7944773861535146
mister,Mister Trash Wheel,235,April,2018,4/16/2018,4.3,15,2150,2300,23000,16,1320,2070,12,72,0.7732215635204702,-0.5315620625931057
mister,Mister Trash Wheel,236,April,2018,4/16/2018,2.9099999999999997,15,970,1100,8000,2,300,800,1,49,-0.38416722934190184,-1.176997807327603
mister,Mister Trash Wheel,237,April,2018,4/16/2018,3.62,15,840,920,7000,3,290,650,4,60,-0.46740827115622335,-1.093462107341887
mister,Mister Trash Wheel,238,April,2018,4/16/2018,2.4,12,790,910,8000,4,260,590,2,40,-0.5334782665682556,-1.0136008546787914
mister,Mister Trash Wheel,239,April,2018,4/17/2018,3.19,15,750,830,6000,3,190,400,4,53,-0.6353113666275506,-1.0551469284316135
mister,Mister Trash Wheel,240,April,2018,4/17/2018,3.03,15,810,890,5000,4,200,450,3,51,-0.6271135842325731,-0.992445974983578
mister,Mister Trash Wheel,241,April,2018,4/17/2018,3.26,15,790,1020,6000,3,150,500,4,54,-0.6299113094794464,-1.0556197719013125
mister,Mister Trash Wheel,242,April,2018,4/17/2018,3.04,15,670,840,7000,2,230,620,3,51,-0.5235339797781952,-1.1455715395487602
mister,Mister Trash Wheel,243,April,2018,4/18/2018,3.09,15,710,910,7000,4,310,780,4,52,-0.4382298228537021,-1.0355282071690577
mister,Mister Trash Wheel,244,April,2018,4/18/2018,2.72,15,730,840,6000,6,280,640,2,45,-0.5485373770051603,-0.8812822021601232
mister,Mister Trash Wheel,245,April,2018,4/18/2018,3.65,15,820,980,7000,5,170,590,5,61,-0.6286240004121335,-0.9259190903016196
mister,Mister Trash Wheel,246,April,2018,4/18/2018,3.38,15,760,870,6000,3,240,720,1,56,-0.5055259667119532,-1.085199621720925
mister,Mister Trash Wheel,247,April,2018,4/18/2018,3.44,15,670,780,6000,7,310,810,3,57,-0.5020026395753143,-0.8271122700757354
mister,Mister Trash Wheel,248,April,2018,4/18/2018,2.57,15,730,850,6000,2,110,570,2,43,-0.6484250713393176,-1.1164401313258925
mister,Mister Trash Wheel,249,April,2018,4/20/2018,3.36,15,750,870,7000,4,230,730,4,56,-0.5291186908300299,-1.0141762015520175
mister,Mister Trash Wheel,250,April,2018,4/20/2018,2.72,15,820,910,8000,3,190,610,2,45,-0.5744645891620174,-1.0684130106590575
mister,Mister Trash Wheel,251,April,2018,4/26/2018,3.81,15,1580,1870,12000,12,980,1560,3,64,0.3401242931022354,-0.6954581975061529
mister,Mister Trash Wheel,252,May,2018,5/12/2018,3.36,15,2130,2340,11000,9,1140,2140,4,56,0.7494254540063395,-0.9824345584395123
mister,Mister Trash Wheel,253,May,2018,5/14/2018,4.29,15,2350,2130,14000,5,600,2350,5,72,0.3585537104856309,-1.1468056548057313
mister,Mister Trash Wheel,254,May,2018,5/14/2018,4.29,15,2460,2370,17000,3,740,2570,3,72,0.6078168300817446,-1.3333459357230717
mister,Mister Trash Wheel,255,May,2018,5/16/2018,4,15,1220,1360,8000,4,350,780,2,67,-0.3519448260739836,-1.054244496608159
mister,Mister Trash Wheel,256,May,2018,5/16/2018,3.25,15,950,890,7000,3,250,1010,3,54,-0.4148740640143553,-1.1046708181404903
mister,Mister Trash Wheel,257,May,2018,5/16/2018,1.6,15,400,320,4000,2,210,780,0,27,-0.5565593092668926,-1.139961902447835
mister,Mister Trash Wheel,258,May,2018,5/17/2018,3.62,15,1050,1170,6000,4,470,970,2,60,-0.21132673455674394,-1.088058126508332
mister,Mister Trash Wheel,259,May,2018,5/28/2018,3.19,15,1480,1560,8000,3,1360,2340,3,53,1.0397836729524512,-1.4420681269543656
mister,Mister Trash Wheel,260,May,2018,5/28/2018,2.86,15,1300,1230,7000,6,1130,2140,2,48,0.6802311301322166,-1.1650444652662784
mister,Mister Trash Wheel,261,May,2018,5/28/2018,4.1,15,1650,1490,9000,2,820,1930,1,68,0.44161216994971003,-1.3663825862734642
mister,Mister Trash Wheel,262,May,2018,5/31/2018,3.38,15,2130,2240,11000,9,650,2350,2,56,0.3304917561260449,-0.8829893055688514
mister,Mister Trash Wheel,263,June,2018,6/3/2018,3.3499999999999996,15,2340,2580,12000,11,1130,1760,5,56,0.6312680408930644,-0.8252004210513582
mister,Mister Trash Wheel,264,June,2018,6/3/2018,3.17,15,1890,2130,14000,6,870,1590,4,53,0.3905566082161841,-1.093452300379986
mister,Mister Trash Wheel,265,June,2018,6/5/2018,4.1899999999999995,15,1420,1650,8000,3,590,1020,3,70,-0.014886051773689688,-1.1967783961947298
mister,Mister Trash Wheel,266,June,2018,6/5/2018,2.6,15,1280,1330,9000,3,630,1170,2,43,0.029283504763021186,-1.207552782856589
mister,Mister Trash Wheel,267,June,2018,6/5/2018,4.1499999999999995,15,1140,1290,7000,2,570,1340,4,69,0.030053671874284597,-1.2722431719059573
mister,Mister Trash Wheel,268,June,2018,6/12/2018,4.23,15,870,950,11000,6,890,1220,2,71,0.18795009657861683,-1.0520671049085946
mister,Mister Trash Wheel,269,June,2018,6/12/2018,4.1499999999999995,15,940,1130,10000,8,760,1430,8,69,0.10225783603239508,-0.9004096834468992
mister,Mister Trash Wheel,270,June,2018,6/12/2018,4.44,15,620,730,5000,4,810,1020,3,74,0.0748679172042767,-1.1574251041874117
mister,Mister Trash Wheel,271,June,2018,6/28/2018,3.12,15,1560,1780,13000,5,1240,1750,2,52,0.7597791801137701,-1.246917675356193
mister,Mister Trash Wheel,272,June,2018,6/29/2018,0.96,15,1720,1980,12000,4,1110,1500,2,16,0.6135617134016104,-1.2773469785845524
mister,Mister Trash Wheel,273,July,2018,7/18/2018,2.99,15,1890,1630,13000,8,850,1290,3,50,0.21121214399576407,-0.9241329453502122
mister,Mister Trash Wheel,274,July,2018,7/22/2018,3.49,15,1760,1830,10000,10,790,1340,1,58,0.14140707866216576,-0.779024814768714
mister,Mister Trash Wheel,275,July,2018,7/24/2018,4.39,15,890,1020,8000,4,340,710,5,73,-0.4133379009548724,-1.0407058207564115
mister,Mister Trash Wheel,276,July,2018,7/24/2018,3.57,15,710,850,6000,2,410,820,3,60,-0.30164776195320536,-1.1975791456547664
mister,Mister Trash Wheel,277,July,2018,7/24/2018,3.79,15,620,540,4000,2,370,560,1,63,-0.43705634860565223,-1.1680280043096838
mister,Mister Trash Wheel,278,July,2018,7/24/2018,4.24,15,780,670,5000,3,50,720,2,71,-0.7014473673906861,-1.0392020375658249
mister,Mister Trash Wheel,279,July,2018,7/25/2018,3.49,15,540,430,8000,6,410,910,7,58,-0.3927043729517682,-0.9170630624050065
mister,Mister Trash Wheel,280,July,2018,7/25/2018,4.159999999999999,15,670,720,7000,4,360,840,4,69,-0.39350337940659935,-1.0463668899920633
mister,Mister Trash Wheel,281,July,2018,7/26/2018,3.17,15,820,540,6000,8,430,750,5,53,-0.44021135043999043,-0.7771619099715511
mister,Mister Trash Wheel,282,July,2018,7/28/2018,3.3099999999999996,15,540,650,10000,5,500,690,1,55,-0.32935995608880325,-0.9976466031474374
mister,Mister Trash Wheel,283,July,2018,7/28/2018,3.32,15,730,670,7000,6,290,1020,7,55,-0.4530912920455427,-0.9017723350728223
mister,Mister Trash Wheel,284,July,2018,7/28/2018,3.98,15,910,790,5000,9,370,560,2,66,-0.543234698646124,-0.6888757950304003
mister,Mister Trash Wheel,285,July,2018,7/28/2018,3.84,15,710,630,8000,2,300,730,3,64,-0.44714665939846987,-1.1633899638344003
mister,Mister Trash Wheel,286,August,2018,8/9/2018,3.3099999999999996,15,1750,990,11000,6,910,1650,6,55,0.34025392117410275,-1.084213931594482
mister,Mister Trash Wheel,287,August,2018,8/14/2018,4.619999999999999,18,1320,1010,4900,14,1260,920,1,77,0.3172738112062844,-0.5672386701374043
mister,Mister Trash Wheel,288,August,2018,8/14/2018,3.74,15,2740,1130,6700,29,2100,1340,9,62,0.9716974643348428,0.25364671918803444
mister,Mister Trash Wheel,289,August,2018,8/14/2018,3.27,15,1120,790,4000,4,1050,1160,0,55,0.3489783430145004,-1.2215958211398479
mister,Mister Trash Wheel,290,August,2018,8/14/2018,3.04,18,2100,980,3000,12,940,990,2,51,0.08494012365809812,-0.6401291283649776
mister,Mister Trash Wheel,291,September,2018,9/1/2018,2.4299999999999997,15,3110,1420,6500,38,990,1620,14,41,-0.13995097607722637,1.1019631028251924
mister,Mister Trash Wheel,292,September,2018,9/1/2018,3.3499999999999996,15,1200,880,5000,9,1210,1500,11,56,0.5086972103346037,-0.932479531263632
mister,Mister Trash Wheel,293,September,2018,9/9/2018,3.5,15,1390,870,7200,18,560,2100,6,58,-0.12574655339991977,-0.19823174295940726
mister,Mister Trash Wheel,294,September,2018,9/9/2018,4.25,18,940,600,2500,6,470,860,0,71,-0.33345069619497836,-0.9327375409620227
mister,Mister Trash Wheel,295,September,2018,9/10/2018,3.77,15,1220,940,5000,12,850,1100,4,63,0.00962442498332032,-0.6227812944124975
mister,Mister Trash Wheel,296,September,2018,9/16/2018,2.26,15,1960,1070,7000,31,1000,1570,9,38,-0.06561630041502398,0.6280311102329124
mister,Mister Trash Wheel,297,September,2018,9/25/2018,3.09,18,2150,950,8000,19,490,1410,16,52,-0.35605599392121395,-0.07792288863492591
mister,Mister Trash Wheel,298,September,2018,9/25/2018,2.9499999999999997,15,2380,1250,7500,22,1500,1860,14,49,0.6817067210623816,-0.12770898477422427
mister,Mister Trash Wheel,299,October,2018,10/4/2018,3.28,15,1440,800,4000,11,1700,2100,8,55,1.0793004688060257,-0.9367371858969586
mister,Mister Trash Wheel,300,October,2018,10/4/2018,3.1,18,1080,610,6000,26,820,1640,8,52,-0.1800846508041083,0.3291884175238705
mister,Mister Trash Wheel,301,October,2018,10/19/2018,3.04,15,1840,710,8000,38,1050,1820,11,51,-0.12244491522720945,1.094572172792615
mister,Mister Trash Wheel,302,November,2018,11/4/2018,3.11,15,2100,1420,5500,12,880,980,6,52,0.06902066455331587,-0.634214643889485
mister,Mister Trash Wheel,303,November,2018,11/4/2018,2.26,15,1500,1040,4000,8,1210,1440,4,38,0.5267051296385628,-1.0022068596105431
mister,Mister Trash Wheel,304,November,2018,11/4/2018,3.46,15,660,560,3000,4,700,840,0,58,-0.09201592699603871,-1.1197904592253571
mister,Mister Trash Wheel,305,November,2018,11/4/2018,4.54,18,590,540,2000,14,390,880,4,76,-0.5672637217260835,-0.3602552098356222
mister,Mister Trash Wheel,306,November,2018,11/19/2018,3.19,15,1200,1140,6500,21,1100,1660,9,53,0.23586936770352565,-0.09096271267162752
mister,Mister Trash Wheel,307,November,2018,11/25/2018,3.17,15,2610,1600,6000,28,940,1650,14,53,0.019752843862384416,0.41705156286389444
mister,Mister Trash Wheel,308,November,2018,11/25/2018,2.78,18,1820,1880,5000,8,800,1220,2,46,0.16384656124741573,-0.9148586268319763
mister,Mister Trash Wheel,309,November,2018,11/25/2018,2.77,15,1080,1640,6000,14,640,980,0,46,-0.20101203059261266,-0.44333408028974985
mister,Mister Trash Wheel,310,November,2018,11/30/2018,3.26,15,790,1000,5500,31,1080,1140,6,54,-0.1316327727705744,0.638958172144302
mister,Mister Trash Wheel,311,December,2018,12/17/2018,3.53,18,1240,990,4000,20,840,1200,8,59,-0.1210163155507303,-0.07367337074532337
mister,Mister Trash Wheel,312,December,2018,12/20/2018,3.38,15,780,940,3000,10,550,840,8,56,-0.3065196612742501,-0.6786756041691965
mister,Mister Trash Wheel,313,December,2018,12/20/2018,2.96,15,480,500,1500,18,400,300,0,49,-0.7918103705224676,-0.05161450992015378
mister,Mister Trash Wheel,314,December,2018,12/20/2018,3.62,15,300,440,2000,10,250,400,4,60,-0.7586137821243327,-0.5759481478975208
mister,Mister Trash Wheel,315,January,2019,1/23/2019,2.5,15,990,1640,4500,6,990,1230,13,42,0.3555268536937505,-1.0897266304177535
mister,Mister Trash Wheel,316,January,2019,1/23/2019,3.07,15,1110,1940,6000,21,1010,750,17,51,-0.0046460348347767645,-0.034462622818485396
mister,Mister Trash Wheel,317,February,2019,2/12/2019,2.3299999999999996,15,580,890,3400,0,750,1100,2,39,0.1280343721140989,-1.4286467290896632
mister,Mister Trash Wheel,318,February,2019,2/12/2019,3.24,15,2200,2750,4600,4,1400,1750,11,54,1.0334659770495702,-1.3736822780618525
mister,Mister Trash Wheel,319,March,2019,3/5/2019,2.52,15,1900,3300,6600,14,790,1250,14,42,0.18433759337220154,-0.5262261600355647
mister,Mister Trash Wheel,320,March,2019,3/5/2019,2.27,14,2800,2700,8400,5,800,1400,9,38,0.3664183308920854,-1.150667490402922
mister,Mister Trash Wheel,321,March,2019,3/22/2019,3.06,15,840,1050,3500,3,450,840,0,51,-0.26112172464405353,-1.1429431852948657
mister,Mister Trash Wheel,322,March,2019,3/22/2019,3.3299999999999996,15,680,880,2400,4,240,650,6,56,-0.5402702967089508,-1.0126609404755245
mister,Mister Trash Wheel,323,March,2019,3/22/2019,3.03,15,300,500,2000,0,425,750,6,51,-0.30452794984869047,-1.328317286632944
mister,Mister Trash Wheel,324,March,2019,3/23/2019,2.6,15,240,450,1200,2,350,600,3,43,-0.4603460029246377,-1.1635619703083913
mister,Mister Trash Wheel,325,April,2019,4/13/2019,2.26,15,1015,990,5600,6,510,775,11,38,-0.2711836411488027,-0.9441922669259664
mister,Mister Trash Wheel,326,April,2019,4/18/2019,3.52,15,2150,2200,6450,11,780,1020,14,59,0.08146225208520969,-0.6983797083520225
mister,Mister Trash Wheel,327,April,2019,4/18/2019,3.84,15,580,480,3100,3,250,230,4,64,-0.6573094103547942,-1.0522355143688977
mister,Mister Trash Wheel,328,April,2019,4/24/2019,3.57,15,1400,1760,5500,5,1040,1200,8,60,0.4291576254177376,-1.171575254743109
mister,Mister Trash Wheel,329,April,2019,4/30/2019,5.1,15,800,450,2400,2,240,350,1,85,-0.6179660853606557,-1.1261310929719888
mister,Mister Trash Wheel,330,April,2019,4/30/2019,3.53,15,1110,1460,7200,12,500,580,4,59,-0.4078035220393274,-0.5243617356714982
mister,Mister Trash Wheel,331,May,2019,5/11/2019,3.04,15,1980,2100,4400,6,660,680,8,51,-0.03937474420312466,-0.9962586609055494
mister,Mister Trash Wheel,332,May,2019,5/11/2019,3.07,15,1040,1240,3200,14,780,1040,14,51,-0.07935216582016928,-0.471004478902717
mister,Mister Trash Wheel,333,May,2019,5/13/2019,3.23,15,940,1400,5990,10,1000,780,9,54,0.14806408228139234,-0.7844917134752297
mister,Mister Trash Wheel,334,May,2019,5/13/2019,3.73,15,600,450,1200,3,240,350,4,62,-0.6390629792044356,-1.0566073604226105
mister,Mister Trash Wheel,335,May,2019,5/13/2019,3.38,15,460,840,980,4,180,250,4,56,-0.7085195261134366,-0.9753880267807885
mister,Mister Trash Wheel,336,May,2019,5/13/2019,2.92,15,980,1200,2400,18,640,800,14,49,-0.35457224951398636,-0.14842767484583766
mister,Mister Trash Wheel,337,May,2019,5/15/2019,2.8299999999999996,15,1880,2440,4200,10,990,460,22,47,0.17823625422740294,-0.7870728131980024
mister,Mister Trash Wheel,338,May,2019,5/15/2019,2.76,15,900,1300,3800,4,480,660,6,46,-0.26949587196593294,-1.0752019902266614
mister,Mister Trash Wheel,339,May,2019,5/28/2019,2.51,15,1740,2000,6400,13,600,780,9,42,-0.2178050064465332,-0.5010801092063838
mister,Mister Trash Wheel,340,May,2019,5/28/2019,2.72,15,1140,1080,5400,16,900,1080,10,45,-0.009613590732227159,-0.3584091232460012
mister,Mister Trash Wheel,341,May,2019,5/31/2019,3.19,15,2040,1250,6600,17,860,1480,8,53,0.0665227933923898,-0.3084476855477454
mister,Mister Trash Wheel,342,June,2019,6/12/2019,3.23,15,2800,2200,7800,14,1050,2000,17,54,0.542893175326938,-0.608242121117777
mister,Mister Trash Wheel,343,June,2019,6/12/2019,3.08,15,1800,2240,6300,11,600,1450,8,51,0.01289135835503846,-0.6822819798683362
mister,Mister Trash Wheel,344,June,2019,6/17/2019,3.02,15,3300,2400,8000,18,500,1600,16,50,-0.12770405860128958,-0.19097636734064677
mister,Mister Trash Wheel,345,July,2019,7/3/2019,2.08,15,1880,1640,7200,22,800,1380,11,35,-0.07783436610258224,0.049802708998776216
mister,Mister Trash Wheel,346,July,2019,7/3/2019,2.03,15,2000,1100,5000,18,400,1500,8,34,-0.3958350679668903,-0.13493420266070855
mister,Mister Trash Wheel,347,July,2019,7/6/2019,2.48,15,2680,980,4400,34,560,980,20,41,-0.6739199375249814,0.9665080787394387
mister,Mister Trash Wheel,348,July,2019,7/6/2019,3.34,15,950,650,3400,4,280,680,7,56,-0.5089605951778797,-1.019517913799209
mister,Mister Trash Wheel,349,July,2019,7/6/2019,2.69,15,3700,1500,5800,12,600,1100,8,45,-0.12422382572196608,-0.5844531270898876
mister,Mister Trash Wheel,350,July,2019,7/6/2019,2.57,15,1900,840,8800,18,880,1400,18,43,0.015525028260761525,-0.23078577422838095
mister,Mister Trash Wheel,351,July,2019,7/9/2019,3.4499999999999997,15,3600,980,8400,18,680,1440,14,58,-0.12058375464023963,-0.19576610242263895
mister,Mister Trash Wheel,352,July,2019,7/9/2019,2.25,15,2400,1100,9400,38,380,2040,22,38,-0.6427880438760886,1.2227287923267096
mister,Mister Trash Wheel,353,July,2019,7/13/2019,2.48,15,4400,1800,7200,11,660,1340,12,41,0.05676650341876066,-0.68820019241903585
mister,Mister Trash Wheel,354,July,2019,7/13/2019,3.13,15,980,210,1000,0,360,740,4,52,-0.38277439330153024,-1.3097219673972977
mister,Mister Trash Wheel,355,July,2019,7/13/2019,2.65,15,1980,800,4400,12,440,1800,14,44,-0.18818750098005532,-0.5706843612104057
mister,Mister Trash Wheel,356,July,2019,7/19/2019,3.96,15,3600,1400,6800,8,280,1600,32,66,-0.21197777221376846,-0.8163941695918829
mister,Mister Trash Wheel,357,August,2019,8/2/2019,2.61,15,2200,680,5000,24,740,1380,10,44,-0.25354058043227,0.2187104660749118
mister,Mister Trash Wheel,358,August,2019,8/2/2019,3.82,15,2800,980,4800,12,360,640,4,64,-0.5348404302292704,-0.49244252255627224
mister,Mister Trash Wheel,359,August,2019,8/8/2019,2.66,15,4200,1400,7800,32,240,1310,14,44,-0.7898693399922107,0.869247112651027
mister,Mister Trash Wheel,360,August,2019,8/24/2019,4.25,15,800,360,1800,0,100,240,0,71,-0.7482778056795056,-1.2254420218095858
mister,Mister Trash Wheel,361,August,2019,8/24/2019,2.96,15,1400,720,2200,4,180,540,6,49,-0.6250078836964352,-0.9920037020781357
mister,Mister Trash Wheel,362,August,2019,8/24/2019,4,15,1800,980,3600,8,88,980,13,67,-0.6398843357778218,-0.7254972644710418
mister,Mister Trash Wheel,363,August,2019,8/24/2019,3.17,15,2210,950,5000,24,120,960,21,53,-0.9114019723375095,0.375598469934969
mister,Mister Trash Wheel,364,October,2019,10/18/2019,3.07,15,980,800,2200,6,840,1100,4,51,0.09809397513513606,-1.0330251141886992
mister,Mister Trash Wheel,365,October,2019,10/18/2019,2.4099999999999997,15,2800,2020,6500,10,660,1200,12,40,0.02853280101301649,-0.7493487360152405
mister,Mister Trash Wheel,366,October,2019,10/18/2019,3.21,15,1900,1200,6600,22,800,2100,16,54,0.07059432772683716,0.017079281956213922
mister,Mister Trash Wheel,367,October,2019,10/25/2019,3.25,15,2780,2100,7200,16,940,1980,28,54,0.3951823009835766,-0.4424490807344683
mister,Mister Trash Wheel,368,October,2019,10/28/2019,3.4299999999999997,15,2440,2000,5300,10,350,1400,12,57,-0.22193362865397484,-0.690291597419286
mister,Mister Trash Wheel,369,October,2019,10/28/2019,3.28,15,3400,1880,7800,12,480,1580,20,55,-0.07674553785659466,-0.5912081038968042
mister,Mister Trash Wheel,370,October,2019,10/28/2019,2.66,15,920,1240,4800,0,240,560,4,44,-0.4501704579499704,-1.2915450916024929
mister,Mister Trash Wheel,371,October,2019,10/30/2019,2.98,15,1260,1480,3600,14,320,880,2,50,-0.5378115292192842,-0.36408911233002744
mister,Mister Trash Wheel,372,November,2019,11/2/2019,3.05,15,1980,1550,4900,8,180,560,12,51,-0.6062987006072856,-0.7333349666431813
mister,Mister Trash Wheel,373,November,2019,11/2/2019,2.23,15,1000,1200,6400,12,560,880,2,37,-0.30209084184076196,-0.549615380584689
mister,Mister Trash Wheel,374,November,2019,11/4/2019,3.2,15,960,800,5500,4,340,1020,11,53,-0.34843753250810977,-1.0548271453855123
mister,Mister Trash Wheel,375,November,2019,11/4/2019,3.2,15,640,720,3400,0,210,400,4,53,-0.571239732343452,-1.2653140363271633
mister,Mister Trash Wheel,376,November,2019,11/25/2019,3.58,15,860,980,4000,8,180,720,1,60,-0.6475238016298863,-0.7283781159954716
mister,Mister Trash Wheel,377,November,2019,11/25/2019,3.88,15,590,500,1200,0,88,190,0,65,-0.7641564158615851,-1.222108468621623
mister,Mister Trash Wheel,378,November,2019,11/25/2019,2.25,15,1800,1680,2800,24,100,240,3,38,-1.0721864079596735,0.4081413983428244
mister,Mister Trash Wheel,379,December,2019,12/6/2019,2.72,15,3600,3200,7000,8,420,1200,9,45,-0.040915508631113005,-0.8587657615812702
mister,Mister Trash Wheel,380,December,2019,12/20/2019,2.78,15,2300,2400,8400,9,360,1700,12,46,-0.08313375329138495,-0.7854949119132352
mister,Mister Trash Wheel,381,January,2020,1/18/2020,2.75,15,3900,2100,12500,15,750,1100,16,46,0.02510750313017617,-0.42131596548184175
mister,Mister Trash Wheel,382,January,2020,1/18/2020,1.8,15,2900,1800,10400,8,850,1800,12,30,0.38246207087290324,-0.9597158168670786
mister,Mister Trash Wheel,383,January,2020,1/19/2020,2.9,15,1850,1100,9800,12,550,980,8,48,-0.2723318293235638,-0.5530694963753572
mister,Mister Trash Wheel,384,January,2020,1/27/2020,2.54,15,3400,2400,12000,21,1040,1450,6,42,0.28000919672263563,-0.09479506386422437
mister,Mister Trash Wheel,385,January,2020,1/27/2020,2.18,15,980,900,6500,4,720,840,14,36,-0.02401737973280912,-1.1313227706864646
mister,Mister Trash Wheel,386,January,2020,1/27/2020,3.24,15,750,640,5400,8,440,640,2,54,-0.4539272845644258,-0.7749037250931526
mister,Mister Trash Wheel,387,January,2020,1/27/2020,3.07,15,500,440,4200,4,500,560,6,51,-0.36017678938258657,-1.056434436208521
mister,Mister Trash Wheel,388,January,2020,1/30/2020,2.8,15,3200,2400,9600,14,980,1200,14,47,0.2970536763714036,-0.5517838275170085
mister,Mister Trash Wheel,389,January,2020,1/30/2020,2.8,15,3800,2700,9400,12,660,980,10,47,0.013115553084573899,-0.6136292930581109
mister,Mister Trash Wheel,390,February,2020,2/10/2020,1.9,15,1850,980,8000,2,880,1040,9,32,0.23669414992404986,-1.320441702347389
mister,Mister Trash Wheel,391,March,2020,3/2/2020,2.34,15,2800,2000,7200,18,420,800,16,39,-0.4521588995021777,-0.11884349028524788
mister,Mister Trash Wheel,392,March,2020,3/24/2020,2.15,15,980,900,5600,4,500,1000,7,36,-0.19674569296544772,-1.0912854784568509
mister,Mister Trash Wheel,393,March,2020,3/30/2020,3.86,15,3200,2700,11000,18,840,1040,11,64,0.07174295910532992,-0.23996981534234654
mister,Mister Trash Wheel,394,April,2020,4/11/2020,3.98,15,2800,2100,5900,13,1050,1640,6,66,0.45203047442081107,-0.655230542070966
mister,Mister Trash Wheel,395,April,2020,4/14/2020,4.619999999999999,15,2640,1880,6800,20,860,1200,14,77,0.01008822663612956,-0.09863744020999429
mister,Mister Trash Wheel,396,April,2020,4/14/2020,3.36,15,1200,840,2000,0,460,800,8,56,-0.209372759312482,-1.3479834972783815
mister,Mister Trash Wheel,397,April,2020,4/14/2020,2.9099999999999997,15,510,490,1800,4,140,380,4,49,-0.7430129206620011,-0.9671685553415685
mister,Mister Trash Wheel,398,April,2020,4/15/2020,3.5,15,660,360,1700,7,100,340,4,58,-0.8574738833161508,-0.7462478623314432
mister,Mister Trash Wheel,399,April,2020,4/15/2020,3.13,15,480,290,1100,9,80,290,2,52,-0.93924744512602,-0.5987209751558985
mister,Mister Trash Wheel,400,April,2020,4/23/2020,3.06,15,2900,2200,5500,11,400,1600,14,51,-0.11476912856327823,-0.6486726928630934
mister,Mister Trash Wheel,401,April,2020,4/25/2020,3.17,15,2300,1200,4200,22,480,980,19,53,-0.5063366716952852,0.15052169658965336
mister,Mister Trash Wheel,402,May,2020,5/2/2020,4.22,15,1980,1480,4900,12,600,680,16,70,-0.26008329812594383,-0.555774470159062
mister,Mister Trash Wheel,403,May,2020,5/2/2020,3.68,15,1040,880,5200,20,550,1040,22,61,-0.43672499584839597,0.002733460602866498
mister,Mister Trash Wheel,404,May,2020,5/2/2020,4,15,900,600,3400,4,380,450,12,67,-0.47449010524842167,-1.0278046089846926
mister,Mister Trash Wheel,405,June,2020,6/6/2020,3.98,15,3400,2400,4000,8,280,1100,24,66,-0.26174072960682865,-0.8068221846575602
mister,Mister Trash Wheel,406,June,2020,6/6/2020,2.55,15,1800,850,4200,22,440,760,12,43,-0.6466735824659121,0.18012963892088077
mister,Mister Trash Wheel,407,June,2020,6/19/2020,0.7799999999999999,15,3000,2700,5800,12,300,900,10,13,-0.36325674306291533,-0.5270741678292687
mister,Mister Trash Wheel,408,June,2020,6/22/2020,3.04,15,2800,1400,6000,18,560,1010,10,51,-0.3254410740342976,-0.15066898505717438
mister,Mister Trash Wheel,409,June,2020,6/22/2020,3,15,950,750,3400,24,240,770,1,50,-0.9061176721815296,0.3670206494373185
mister,Mister Trash Wheel,410,June,2020,6/24/2020,3.79,15,3800,2100,4300,13,450,960,14,63,-0.2607437234552317,-0.48586226554402223
mister,Mister Trash Wheel,411,June,2020,6/24/2020,3.84,15,800,880,2100,4,140,540,0,64,-0.665228042707919,-0.9843535479948438
mister,Mister Trash Wheel,412,June,2020,6/24/2020,3.96,15,760,980,1800,2,80,280,4,66,-0.7379601866158558,-1.0965752398647388
mister,Mister Trash Wheel,413,June,2020,6/24/2020,3.29,15,540,320,1400,8,100,180,0,55,-0.9267989728914741,-0.6668197919728345
mister,Mister Trash Wheel,414,June,2020,6/24/2020,3.3499999999999996,15,340,290,2100,2,74,310,2,56,-0.8070548419800553,-1.0825384661030004
mister,Mister Trash Wheel,415,June,2020,6/25/2020,3.44,15,600,340,1200,6,120,290,3,57,-0.8359630896087284,-0.8166167124072098
mister,Mister Trash Wheel,416,June,2020,6/25/2020,3.78,15,480,340,1300,14,200,340,6,63,-0.9021718071651674,-0.2832273313257754
mister,Mister Trash Wheel,417,July,2020,7/2/2020,2.9299999999999997,15,2100,1200,5100,15,680,1020,11,49,-0.18275163263452923,-0.38012246041918996
mister,Mister Trash Wheel,418,July,2020,7/8/2020,3.34,15,1840,1440,4200,19,500,850,15,56,-0.45360723280178095,-0.057460269734806904
mister,Mister Trash Wheel,419,July,2020,7/13/2020,2.14,15,1100,980,3200,12,400,640,12,36,-0.524205393889909,-0.49707842685623477
mister,Mister Trash Wheel,420,July,2020,7/24/2020,3.1,15,2650,1300,4900,18,690,900,8,52,-0.24471335074667483,-0.17127624828396792
mister,Mister Trash Wheel,421,July,2020,7/24/2020,3.05,15,1900,990,3750,14,500,750,19,51,-0.41810246433392867,-0.3896573571507563
mister,Mister Trash Wheel,422,July,2020,7/27/2020,3.11,15,900,660,3050,8,350,360,12,52,-0.5976869697804472,-0.7402994725591091
mister,Mister Trash Wheel,423,July,2020,7/27/2020,3.32,15,1880,950,3900,10,380,480,10,55,-0.5340021521668593,-0.6234220402245405
mister,Mister Trash Wheel,424,August,2020,8/3/2020,2.92,15,1240,880,3100,14,300,400,24,49,-0.7143472441255738,-0.32141687775546096
mister,Mister Trash Wheel,425,August,2020,8/11/2020,2.98,15,3000,2250,5000,20,800,1100,16,50,-0.030885536392674443,-0.08794810063544602
mister,Mister Trash Wheel,426,August,2020,8/11/2020,1.89,15,2300,900,4750,20,660,740,9,32,-0.3939032771888323,-0.00850156747999776
mister,Mister Trash Wheel,427,August,2020,8/18/2020,2.7,15,1400,840,3200,12,350,760,10,45,-0.5490382762439939,-0.4908481321712491
mister,Mister Trash Wheel,428,August,2020,8/26/2020,1.41,15,2050,1250,4400,16,280,680,16,24,-0.6581424727623487,-0.20331340790881697
mister,Mister Trash Wheel,429,September,2020,9/4/2020,3.52,15,3250,1500,4000,14,820,800,12,59,-0.03784366183224439,-0.4772324491615753
mister,Mister Trash Wheel,430,September,2020,9/4/2020,3.3899999999999997,15,2100,1420,3200,10,680,650,20,57,-0.1538761445448317,-0.7099339481741092
mister,Mister Trash Wheel,431,September,2020,9/12/2020,2.36,15,2450,1640,4500,18,500,640,18,39,-0.4554474965657715,-0.12028212977881494
mister,Mister Trash Wheel,432,October,2020,10/1/2020,3.19,15,4050,2500,6400,21,480,1050,21,53,-0.31720478802112734,0.04802501315954994
mister,Mister Trash Wheel,433,October,2020,10/30/2020,3.02,15,3800,2200,5200,18,750,900,24,50,-0.07236886950283061,-0.20527671020933408
mister,Mister Trash Wheel,434,October,2020,10/30/2020,2.98,15,3000,1850,3000,12,680,880,14,50,-0.08325088681327883,-0.5951378704531851
mister,Mister Trash Wheel,435,October,2020,10/31/2020,3.3899999999999997,15,2200,1200,3200,12,300,480,8,57,-0.6214384793306297,-0.47283425151989467
mister,Mister Trash Wheel,436,November,2020,11/13/2020,4.29,15,3500,2500,4900,20,480,720,11,72,-0.40134625756405135,-9.988897849392618e-4
mister,Mister Trash Wheel,437,November,2020,11/13/2020,3.62,15,1800,1000,3300,8,280,640,8,60,-0.5478870855547693,-0.7494104663846594
mister,Mister Trash Wheel,438,November,2020,11/13/2020,2.4499999999999997,15,1250,900,2200,10,300,480,9,41,-0.6275010504810985,-0.6031171922339401
mister,Mister Trash Wheel,439,December,2020,12/1/2020,2.92,15,2200,980,5600,21,500,840,14,49,-0.5290090879512765,0.08957152361045725
mister,Mister Trash Wheel,440,December,2020,12/1/2020,3.07,15,1640,800,4100,10,280,480,21,51,-0.6370707742387902,-0.5977525509925289
mister,Mister Trash Wheel,441,December,2020,12/1/2020,2.42,15,1080,750,3800,14,360,380,18,40,-0.6823285871746901,-0.3305262721799878
mister,Mister Trash Wheel,442,December,2020,12/3/2020,3.11,15,1790,1040,4900,19,480,540,12,52,-0.5901040128523887,-0.027471386403111628
mister,Mister Trash Wheel,443,December,2020,12/3/2020,2.92,15,2080,1100,5200,24,280,640,16,49,-0.8353146512166416,0.35566211396679004
mister,Mister Trash Wheel,444,December,2020,12/9/2020,1.94,15,1600,880,3800,24,360,480,21,32,-0.8258183299160476,0.3520713209331253
mister,Mister Trash Wheel,445,December,2020,12/18/2020,3.02,15,2200,1080,4050,12,400,400,10,50,-0.556282261396638,-0.4882385356987295
mister,Mister Trash Wheel,446,December,2020,12/26/2020,2.79,15,2000,980,3600,15,280,640,14,47,-0.675872615786966,-0.26507819734955773
mister,Mister Trash Wheel,447,December,2020,12/26/2020,2.01,15,1200,780,3200,20,500,360,20,34,-0.6648603316041789,0.05365442143564328
mister,Mister Trash Wheel,448,December,2020,12/26/2020,3.3499999999999996,15,980,600,2800,21,280,480,8,56,-0.8913638269760101,0.16940654025598192
mister,Mister Trash Wheel,449,December,2020,12/26/2020,3.34,15,800,640,2700,12,380,450,28,56,-0.6143238730017722,-0.4749193243871413
mister,Mister Trash Wheel,450,December,2020,12/26/2020,3.08,15,1200,720,4200,18,270,720,0,51,-0.7730521456231101,-0.05216231324906634
mister,Mister Trash Wheel,451,December,2020,12/30/2020,2.73,15,1800,780,4200,14,270,280,14,46,-0.7790549942317426,-0.30717988112765354
mister,Mister Trash Wheel,452,December,2020,12/30/2020,2.12,15,1440,600,3600,21,420,360,15,35,-0.7749004590085324,0.14367088459438707
mister,Mister Trash Wheel,453,January,2021,1/4/2021,2.8099999999999996,15,1600,840,3400,24,320,540,12,47,-0.8594013524784807,0.3584725053002355
mister,Mister Trash Wheel,454,February,2021,2/17/21,2.4299999999999997,15,2400,1100,4400,9,980,1050,10,47,0.21943186068990378,-0.8631867447923148
mister,Mister Trash Wheel,455,March,2021,3/3/21,2.69,15,1900,860,3800,14,1000,750,18,45,0.04076963656314117,-0.4988020884277962
mister,Mister Trash Wheel,456,March,2021,3/23/21,1.83,15,2100,900,4200,16,680,800,12,31,-0.2841249826373494,-0.2928665811866457
mister,Mister Trash Wheel,457,March,2021,3/25/21,3.14,15,1200,500,3300,8,580,720,8,52,-0.3009358675971882,-0.8097491168603708
mister,Mister Trash Wheel,458,March,2021,3/25/21,2.72,15,720,280,2800,20,320,420,14,45,-0.878141735078165,0.10135353164935565
mister,Mister Trash Wheel,459,March,2021,3/25/21,3.34,15,800,240,2700,4,180,380,6,56,-0.7199211290800782,-0.9720338878632708
mister,Mister Trash Wheel,460,March,2021,3/27/21,3.64,15,2200,750,3000,24,540,740,14,61,-0.5959142570185705,0.29794355711662757
mister,Mister Trash Wheel,461,March,2021,3/27/21,2.9499999999999997,15,1600,880,4200,12,480,890,20,49,-0.3773780711673741,-0.5286030089883165
mister,Mister Trash Wheel,462,March,2021,3/27/21,2.34,15,1000,280,2400,0,400,960,12,39,-0.2754318381052996,-1.3324537193583927
mister,Mister Trash Wheel,463,March,2021,3/31/21,2.55,15,3000,720,3600,21,720,1200,21,43,-0.23235273858789524,0.02228663936103371
mister,Mister Trash Wheel,464,April,2021,4/13/21,3.5,15,2700,1400,4400,12,810,1050,14,58,0.03710645493926082,-0.6241774229862089
mister,Mister Trash Wheel,465,May,2021,5/6/21,5.03,15,2300,840,5000,28,640,980,18,84,-0.5039842549853923,0.5371534705416332
mister,Mister Trash Wheel,466,May,2021,5/6/21,3.9,15,1900,560,3900,14,590,1010,26,65,-0.2994817574476977,-0.4164281367841476
mister,Mister Trash Wheel,467,May,2021,5/28/21,3.66,15,5800,600,5400,20,700,880,30,61,-0.261222427791783,-0.029679095712430197
mister,Mister Trash Wheel,468,May,2021,5/28/21,3.69,15,1800,440,3400,22,540,980,14,62,-0.5314682639705463,0.15295701042831455
mister,Mister Trash Wheel,469,June,2021,6/1/21,3.77,15,2200,480,4000,12,400,600,18,49,-0.5520801251060835,-0.48832182898494486
mister,Mister Trash Wheel,470,June,2021,6/1/21,4.2700000000000005,15,3400,360,5400,28,720,1000,20,71,-0.4428644324987194,0.5242738360692362
mister,Mister Trash Wheel,471,June,2021,6/4/21,3.03,15,4400,480,4800,34,720,980,22,51,-0.5321527544040856,0.9355603070992805
mister,Mister Trash Wheel,472,June,2021,6/11/21,3.83,15,3400,660,6000,22,560,800,21,64,-0.500996170283251,0.15036318572252838
mister,Mister Trash Wheel,473,June,2021,6/11/21,3.3,15,2500,360,4400,18,320,720,12,55,-0.7224854945611184,-0.060279049899361746
mister,Mister Trash Wheel,474,June,2021,6/11/21,3.9,15,1600,290,2800,16,300,540,14,65,-0.7711311733007554,-0.18052137282291614
mister,Mister Trash Wheel,475,June,2021,6/12/21,2.78,15,1200,250,2700,10,320,360,8,46,-0.6985752538078591,-0.5881504669858466
mister,Mister Trash Wheel,476,June,2021,6/12/21,2.67,15,1040,200,2700,12,480,320,10,45,-0.6024884806059131,-0.4818015389567485
mister,Mister Trash Wheel,477,June,2021,6/15/21,3.58,15,4400,640,5000,30,600,1080,28,60,-0.5233036872856122,0.6766484436622192
mister,Mister Trash Wheel,478,July,2021,7/2/21,4.5,15,4800,720,6200,32,810,1200,30,75,-0.3165343018851562,0.7589206537736671
mister,Mister Trash Wheel,479,July,2021,7/2/21,3.91,15,1800,180,2900,21,300,600,12,65,-0.8599257757658685,0.16379581290878098
mister,Mister Trash Wheel,480,July,2021,7/14/21,1.32,15,3600,640,4800,16,440,840,18,22,-0.48876700616254626,-0.24077245121269814
mister,Mister Trash Wheel,481,August,2021,8/3/21,2.3099999999999996,15,3000,340,4800,24,320,480,18,39,-0.886318701536367,0.3676301373800065
mister,Mister Trash Wheel,482,August,2021,8/12/21,3.66,15,4200,540,5400,28,680,1100,28,61,-0.41686174264083425,0.521725384312157
mister,Mister Trash Wheel,483,August,2021,8/12/21,2.07,15,1400,120,2400,12,180,940,8,35,-0.7293353393998483,-0.4494758245899357
mister,Mister Trash Wheel,484,August,2021,8/16/21,3.8,15,2800,340,3400,16,290,800,12,63,-0.6880039846531998,-0.1971848581297503
mister,Mister Trash Wheel,485,August,2021,8/16/21,3.97,15,1800,140,2400,10,200,540,12,66,-0.7607018630278306,-0.571265036501346
mister,Mister Trash Wheel,486,August,2021,8/20/21,5.2,15,3400,660,4200,24,480,960,24,87,-0.5723774168131,0.297243889150536
mister,Mister Trash Wheel,487,September,2021,9/1/2021,2,15,2600,420,5200,20,220,640,18,33,-0.8631993589703886,0.10363273646493082
mister,Mister Trash Wheel,488,September,2021,9/2/2021,1.66,15,3300,510,4900,22,340,1010,14,28,-0.6763455251952126,0.19066570701301416
mister,Mister Trash Wheel,489,September,2021,9/2/2021,2.18,15,4100,680,5400,12,280,940,20,36,-0.5217060338918714,-0.48970890791163413
mister,Mister Trash Wheel,490,September,2021,9/3/2021,4.01,15,1800,350,3800,18,180,690,10,67,-0.8784724169745532,-0.025241583336925413
mister,Mister Trash Wheel,491,September,2021,9/15/2021,2.9,15,3500,480,4900,24,200,1050,28,48,-0.823876344482805,0.35784872506434184
mister,Mister Trash Wheel,492,September,2021,9/24/2021,4.119999999999999,15,2900,500,3300,30,340,890,14,69,-0.8705671333252823,0.7523122240901572
mister,Mister Trash Wheel,493,September,2021,9/24/2021,4,15,850,100,1800,2,100,440,2,67,-0.7564860218492021,-1.09356499024337
mister,Mister Trash Wheel,494,September,2021,9/24/2021,2.92,15,680,180,2000,8,75,360,14,49,-0.9024667784943184,-0.66934924555409
mister,Mister Trash Wheel,495,October,2021,10/26/2021,3.38,15,3100,380,4500,18,180,980,22,56,-0.7664586426423248,-0.045996109614915855
mister,Mister Trash Wheel,496,October,2021,10/26/2021,3.81,15,1750,400,4800,30,220,740,12,64,-1.0543765906771647,0.7930004992073466
mister,Mister Trash Wheel,497,October,2021,10/26/2021,2.61,15,980,120,2800,16,140,1000,20,44,-0.8271439575140316,-0.16605382411001335
mister,Mister Trash Wheel,498,November,2021,11/1/2021,3.02,15,2800,400,5500,24,240,880,32,50,-0.8467030168449925,0.3620485710785966
mister,Mister Trash Wheel,499,November,2021,11/1/2021,2.54,15,1200,320,3000,12,150,400,2,42,-0.8859163387259552,-0.41517542803301805
mister,Mister Trash Wheel,500,November,2021,11/1/2021,3.09,15,840,240,1400,4,80,280,6,52,-0.8392227790489978,-0.9443543710884066
mister,Mister Trash Wheel,501,November,2021,11/1/2021,3.73,15,1040,250,2200,11,100,320,18,62,-0.9303844163956511,-0.4673653623076313
mister,Mister Trash Wheel,502,November,2021,11/1/2021,3.89,15,500,75,1500,10,110,460,4,65,-0.9039666124737709,-0.5417740794895143
mister,Mister Trash Wheel,503,November,2021,11/2/2021,3.9,15,800,100,1800,6,75,380,8,65,-0.8685579173364965,-0.8076575319288979
mister,Mister Trash Wheel,504,November,2021,11/2/2021,3.72,15,640,140,2000,12,100,500,2,62,-0.9348391676120914,-0.40486593910316826
mister,Mister Trash Wheel,505,November,2021,11/2/2021,2.66,15,900,150,1000,4,50,250,1,44,-0.8862245608965172,-0.9343722056001715
mister,Mister Trash Wheel,506,November,2021,11/3/2021,3.55,15,660,95,2800,24,100,375,20,59,-1.1868096667525316,0.43350531675914206
mister,Mister Trash Wheel,507,November,2021,11/3/2021,2.8,15,750,150,1400,15,190,550,16,47,-0.8807590470153085,-0.22099487275729843
mister,Mister Trash Wheel,508,November,2021,11/13/2021,3.22,15,3800,450,4800,32,175,640,28,54,-1.1030726121358212,0.9402178438633342
mister,Mister Trash Wheel,509,December,2021,12/7/2021,1.9,15,2900,290,4200,20,200,840,32,32,-0.8255417015915969,0.09795484971550442
mister,Mister Trash Wheel,510,December,2021,12/31/2021,1.83,15,1800,320,3900,28,180,800,12,31,-1.0445917845758488,0.6613155706208979
mister,Mister Trash Wheel,511,January,2022,1/5/2022,2.2,15,2700,220,5100,34,200,610,15,37,-1.1783934959044402,1.082526567714566
mister,Mister Trash Wheel,512,January,2022,1/18/2022,2.99,15,4200,520,4000,40,480,500,20,50,-0.9985871540382742,1.431438519306919
mister,Mister Trash Wheel,513,January,2022,1/18/2022,3.12,15,3000,325,3300,11,190,900,30,52,-0.6427606987417601,-0.52729430543839
mister,Mister Trash Wheel,514,January,2022,1/19/2022,2.86,15,1200,80,2200,10,140,400,12,48,-0.8699787943961484,-0.5471485621154455
mister,Mister Trash Wheel,515,January,2022,1/19/2022,2.72,15,600,70,1000,13,24,180,4,45,-1.112828744491247,-0.2992722013478142
mister,Mister Trash Wheel,517,March,2022,3/11/2022,2.15,15,4400,210,5200,30,140,500,28,36,-1.1425225129268797,0.820500358161898
mister,Mister Trash Wheel,516,February,2022,2/21/2022,2.71,15,3100,220,4400,28,110,650,36,45,-1.1121284945303076,0.6833653143509584
mister,Mister Trash Wheel,518,March,2022,3/25/2022,4.659999999999999,15,2800,140,3300,18,80,550,36,78,-0.9860183399598756,0.0056640391875157434
mister,Mister Trash Wheel,519,March,2022,3/25/2022,2.3499999999999996,15,1100,100,3000,24,100,600,12,39,-1.1271117990621864,0.4196131153442285
mister,Mister Trash Wheel,520,April,2022,4/2/2022,2.75,15,3400,240,4800,34,81,800,18,46,-1.2243614600784827,1.0958869049044513
mister,Mister Trash Wheel,521,April,2022,4/7/2022,2.59,15,2800,200,5000,10,120,540,21,43,-0.8029640042926854,-0.5570689705218691
mister,Mister Trash Wheel,522,April,2022,4/7/2022,3.7,15,800,64,1200,6,50,350,2,62,-0.9081138914076798,-0.7996673000928909
mister,Mister Trash Wheel,523,April,2022,4/7/2022,2.61,15,1800,110,2300,20,120,460,14,44,-1.0506134494760686,0.143903932313796
mister,Mister Trash Wheel,524,April,2022,4/8/2022,3.97,15,540,50,900,4,64,240,0,66,-0.8923521165245553,-0.9340238128900167
mister,Mister Trash Wheel,525,April,2022,4/29/2022,4.51,15,3300,300,4200,34,140,640,20,75,-1.2046042918240807,1.0907872664942075
mister,Mister Trash Wheel,526,May,2022,5/11/2022,2.8299999999999996,15,2800,220,3600,22,180,780,30,47,-0.9082960159382647,0.24582719846982806
mister,Mister Trash Wheel,527,May,2022,5/11/2022,4.14,15,900,48,1200,8,80,580,8,69,-0.8544428719228357,-0.6810574709864713
mister,Mister Trash Wheel,528,May,2022,5/17/2022,3.21,15,2100,110,5000,24,140,900,28,54,-0.9787754921810533,0.39070720828383676
mister,Mister Trash Wheel,529,May,2022,5/24/2022,3.83,15,3200,200,6200,40,120,1000,40,64,-1.241373644396323,1.4922934767219198
mister,Mister Trash Wheel,530,May,2022,5/31/2022,3.97,15,1440,75,3600,22,80,440,14,66,-1.141771330764972,0.29429972487265954
mister,Mister Trash Wheel,531,May,2022,5/31/2022,4.02,15,800,50,1800,10,64,320,6,67,-0.9775414936949866,-0.5239047896119658
mister,Mister Trash Wheel,532,May,2022,5/31/2022,3.76,15,540,110,1100,4,50,450,12,63,-0.8367721672387142,-0.9441598813452902
mister,Mister Trash Wheel,533,June,2022,6/1/2022,3.18,15,2900,420,3800,12,240,1100,9,53,-0.5748681275899721,-0.4816189734280721
mister,Mister Trash Wheel,534,June,2022,6/10/2022,4.02,15,2000,340,2900,8,320,880,20,67,-0.49401929261572186,-0.7602434153660663
mister,Mister Trash Wheel,535,June,2022,6/10/2022,3.36,15,960,120,1500,14,96,640,10,56,-0.9306562258124467,-0.274212933110335
mister,Mister Trash Wheel,536,June,2022,6/11/2022,1.64,10,3200,290,4200,9,380,1000,6,27,-0.41847765382667723,-0.713112579460066
mister,Mister Trash Wheel,537,June,2022,6/11/2022,3.76,15,1250,100,2100,24,200,960,18,63,-0.9336489068112314,0.3761743945693991
mister,Mister Trash Wheel,538,June,2022,6/29/2022,1.97,15,2900,360,3200,12,400,840,14,33,-0.49157580795761524,-0.501648081863979
mister,Mister Trash Wheel,539,June,2022,6/29/2022,3.96,15,2100,240,4800,20,360,1200,21,66,-0.6121886957175962,0.04528763855668918
mister,Mister Trash Wheel,540,July,2022,7/5/2022,3.77,15,3600,320,5000,12,330,1400,18,63,-0.40109768095606213,-0.5187553165484444
mister,Mister Trash Wheel,541,July,2022,7/5/2022,3.25,15,1400,120,3600,22,280,980,30,54,-0.7994096153512561,0.21793835818053858
mister,Mister Trash Wheel,542,July,2022,7/15/2022,2.75,15,3900,200,4200,21,210,1200,18,46,-0.743929597094539,0.14373626352189717
mister,Mister Trash Wheel,543,July,2022,7/18/2022,2.7,15,3000,240,4400,24,270,1100,12,45,-0.7897097588454947,0.34557337978034797
mister,Mister Trash Wheel,544,July,2022,7/18/2022,3.3899999999999997,15,1800,96,2800,4,120,980,10,57,-0.6137398323431067,-0.9927738579639409
mister,Mister Trash Wheel,545,July,2022,7/21/2022,2.82,15,2700,180,3800,10,200,860,21,47,-0.6502602182889602,-0.5926285184221362
mister,Mister Trash Wheel,546,July,2022,7/27/2022,2.03,15,2400,120,4400,28,360,1500,24,34,-0.6928053653272149,0.5833945093134886
mister,Mister Trash Wheel,547,July,2022,7/29/2022,1.6900000000000002,13,2900,210,4900,16,290,900,12,28,-0.6717014717698837,-0.20041342855870764
mister,Mister Trash Wheel,548,August,2022,8/9/2022,2.84,15,1400,280,3500,12,140,750,20,47,-0.7908554001593243,-0.43286711974101294
mister,Mister Trash Wheel,549,August,2022,8/19/2022,2.25,15,3900,340,5500,20,200,1100,30,38,-0.7366835536465894,0.07972818482388404
mister,Mister Trash Wheel,550,September,2022,9/9/2022,3.09,15,4200,390,4800,10,180,960,21,52,-0.5954015411680686,-0.6018346961453597
mister,Mister Trash Wheel,551,September,2022,9/13/2022,3.67,15,2800,120,4200,12,150,1000,36,61,-0.6911964825667765,-0.45032151577438034
mister,Mister Trash Wheel,552,September,2022,9/14/2022,3.64,15,1900,200,6300,8,80,1260,14,61,-0.6418780403777029,-0.7245921960877609
mister,Mister Trash Wheel,553,September,2022,9/14/2022,3.78,15,960,75,2900,11,100,660,8,63,-0.8690902173208462,-0.4827893893441099
mister,Mister Trash Wheel,554,September,2022,9/14/2022,3.69,15,640,50,1800,24,140,500,6,62,-1.133629197758564,0.41850519412815657
mister,Mister Trash Wheel,555,September,2022,9/15/2022,3.88,15,750,84,2200,9,72,480,18,65,-0.8978592307150615,-0.6046745059226503
mister,Mister Trash Wheel,556,September,2022,9/15/2022,4.18,15,500,48,1800,10,84,360,5,70,-0.9553861341969931,-0.5297502895546082
mister,Mister Trash Wheel,557,October,2022,10/7/2022,2.73,14,3500,280,4900,21,210,1000,21,46,-0.7928109803420571,0.15472590990537013
mister,Mister Trash Wheel,558,October,2022,10/7/2022,4.39,15,2900,320,5500,36,180,1360,18,73,-1.029674672716731,1.1804334859204944
mister,Mister Trash Wheel,559,November,2022,11/10/2022,2.03,15,2100,100,4900,42,150,1600,30,34,-1.138168919034617,1.5949404758381611
mister,Mister Trash Wheel,560,November,2022,11/14/2022,3.12,15,3200,280,5400,24,200,1200,32,52,-0.8058735682265508,0.35398342136618977
mister,Mister Trash Wheel,561,November,2022,11/22/2022,2.27,15,1800,150,2900,12,160,980,21,38,-0.7165834803380636,-0.44913479604963674
mister,Mister Trash Wheel,562,December,2022,12/9/2022,2.54,15,1500,84,3900,36,190,1400,40,42,-1.040619292371824,1.1836148450069457
mister,Mister Trash Wheel,563,December,2022,12/17/2022,3.27,15,2100,120,4200,18,220,1600,21,55,-0.6145983469081912,-0.08240930459515665
mister,Mister Trash Wheel,564,December,2022,12/17/2022,2.79,15,1000,48,2100,8,64,900,14,47,-0.7809086915061343,-0.695889646511376
mister,Mister Trash Wheel,565,December,2022,12/21/2022,3.15,15,2900,320,4800,21,180,1900,36,53,-0.5878853147695241,0.11094867408069298
mister,Mister Trash Wheel,566,December,2022,12/28/2022,3.02,15,1600,100,3600,24,200,2000,27,50,-0.6543184327035135,0.31626183550674924
mister,Mister Trash Wheel,567,December,2022,12/29/2022,3.36,15,2100,120,1800,21,110,1600,14,56,-0.7827535477304937,0.14957241581031944
mister,Mister Trash Wheel,568,January,2023,1/27/2023,3.23,15,1700,210,2900,15,180,1500,10,54,-0.6291473127592586,-0.27607990123741666
mister,Mister Trash Wheel,569,February,2023,2/20/2023,3.03,15,2400,300,3300,21,210,1100,21,51,-0.7875775953995996,0.15145985592743752
mister,Mister Trash Wheel,570,February,2023,2/20/2023,3.53,15,3600,280,4200,24,240,2200,30,59,-0.5080002497283451,0.2870432327113889
mister,Mister Trash Wheel,571,March,2023,3/6/2023,3.14,15,2700,180,3200,18,270,1700,20,52,-0.5261186479564133,-0.10220049246728802
mister,Mister Trash Wheel,572,March,2023,3/29/2023,3.4099999999999997,15,2900,200,3000,20,200,1400,14,57,-0.7063907836417094,0.0680521776024424
mister,Mister Trash Wheel,573,April,2023,4/17/2023,4.78,15,1800,90,2400,16,170,980,11,80,-0.7981946659907029,-0.17320974199053293
mister,Mister Trash Wheel,574,April,2023,4/17/2023,5.31,15,2200,210,3800,30,280,1800,28,89,-0.7232880575216232,0.7213490853960901
mister,Mister Trash Wheel,575,April,2023,4/20/2023,2.97,15,3000,280,4000,22,320,2100,18,50,-0.44116226903126365,0.1382716097466014
mister,Mister Trash Wheel,576,April,2023,4/24/2023,3.66,15,2100,200,3300,21,260,2100,24,61,-0.49832251652228987,0.0862323618074705
mister,Mister Trash Wheel,577,April,2023,4/24/2023,4.87,15,1000,64,1900,10,120,900,9,81,-0.7695465357617063,-0.5701834927795097
mister,Mister Trash Wheel,578,April,2023,4/24/2023,5.31,15,2700,190,3600,32,340,2000,32,89,-0.6432357937856756,0.8339352176229717
mister,Mister Trash Wheel,579,May,2023,5/4/2023,3.66,15,2200,420,4100,27,290,2300,40,61,-0.5000226016421102,0.4788827074534537
mister,Mister Trash Wheel,580,May,2023,5/4/2023,2.62,15,3100,380,2900,40,220,1800,21,44,-0.9463634845172644,1.4212516346694717
mister,Mister Trash Wheel,581,June,2023,6/28/2023,3.56,15,3400,480,4400,36,310,2200,27,59,-0.6623506112274962,1.0989490291947077
mister,Mister Trash Wheel,582,June,2023,6/28/2023,3.79,15,4000,390,4200,32,400,1400,38,63,-0.690987083329845,0.8471452504193674
mister,Mister Trash Wheel,583,June,2023,6/28/2023,2.28,10,2100,300,3300,12,240,1000,18,38,-0.6192793315665619,-0.47169869450465834
mister,Mister Trash Wheel,584,June,2023,6/29/2023,3.9,15,1900,220,4700,30,180,2100,21,65,-0.7517287285774008,0.7275841691647652
mister,Mister Trash Wheel,585,July,2023,7/3/2023,4.08,15,2300,310,3900,27,220,1400,30,68,-0.8111241180948018,0.5475627832370439
mister,Mister Trash Wheel,586,July,2023,7/5/2023,4.359999999999999,15,3200,270,5200,21,320,1800,27,73,-0.48730740929393296,0.08572421939582874
mister,Mister Trash Wheel,587,July,2023,7/5/2023,4.23,15,1200,180,2500,18,190,1500,14,71,-0.686896985608735,-0.06882364146515504
mister,Mister Trash Wheel,588,July,2023,7/10/2023,3.71,15,3400,400,4500,22,280,2200,27,62,-0.4273221987043161,0.1380383614626138
mister,Mister Trash Wheel,589,July,2023,7/10/2023,3.58,15,2100,200,3200,29,250,1800,21,60,-0.7410863765530831,0.6593303796528324
mister,Mister Trash Wheel,590,July,2023,7/10/2023,3.79,15,980,80,1400,6,150,980,2,63,-0.648603967165644,-0.8585152729935764
mister,Mister Trash Wheel,591,July,2023,7/10/2023,3.88,15,540,48,980,0,120,450,8,65,-0.7024133055306279,-1.2354505423434397
mister,Mister Trash Wheel,592,July,2023,7/10/2023,3.81,15,1100,100,2100,12,48,900,12,64,-0.8683263521607643,-0.41664551917621667
mister,Mister Trash Wheel,593,July,2023,7/11/2023,3.82,15,750,50,1200,10,110,1200,10,64,-0.7081676459728291,-0.5841471094226561
mister,Mister Trash Wheel,594,July,2023,7/24/2023,1.89,10,1800,160,3200,24,220,1700,24,32,-0.705159803752112,0.3271136164112477
mister,Mister Trash Wheel,595,July,2023,7/24/2023,3.58,15,2300,390,5000,32,360,2400,30,60,-0.5139126789302124,0.8043416751604943
mister,Mister Trash Wheel,596,July,2023,7/31/2023,3.67,15,3400,480,5800,24,440,3000,18,61,-0.11161073661675139,0.19423459086263553
mister,Mister Trash Wheel,597,July,2023,7/31/2023,2.9099999999999997,15,2700,300,4200,38,220,1800,30,49,-0.9147912246653354,1.2854715781654238
mister,Mister Trash Wheel,598,August,2023,8/8/2023,4.44,15,3000,440,5400,21,330,1400,24,74,-0.5708723124886872,0.1035956976886719
mister,Mister Trash Wheel,599,August,2023,8/9/2023,3.4099999999999997,15,3800,350,6000,18,120,2100,40,57,-0.5116803761882446,-0.09762683087977359
mister,Mister Trash Wheel,600,August,2023,8/10/2023,3.83,15,4200,480,4800,40,270,2400,21,64,-0.7156510090228502,1.3713972614286516
mister,Mister Trash Wheel,601,August,2023,8/10/2023,2.67,15,1800,90,3800,27,420,1850,42,45,-0.5275377263463908,0.48269524827935834
mister,Mister Trash Wheel,602,August,2023,8/14/2023,2.15,10,2000,290,4300,24,400,3000,36,36,-0.17905808378305643,0.21006939086280063
mister,Mister Trash Wheel,603,August,2023,8/17/2023,3.08,15,3300,400,5500,44,310,1100,10,51,-1.1195150674896177,1.7174811673871933
mister,Mister Trash Wheel,604,September,2023,9/11/2023,2.77,15,4200,500,4200,18,540,2900,30,46,0.09995518387237495,-0.24087088628030406
mister,Mister Trash Wheel,605,September,2023,9/11/2023,3.55,15,1200,210,3100,10,200,1400,6,59,-0.5522016548703594,-0.6194980152693291
mister,Mister Trash Wheel,606,September,2023,9/12/2023,3.51,15,2200,340,4400,20,140,2000,20,59,-0.6061384659447758,0.04679209899580403
mister,Mister Trash Wheel,607,september,2023,9/12/2023,3.32,15,850,150,1800,8,180,1500,18,55,-0.5095909386490792,-0.7574919506101758
mister,Mister Trash Wheel,608,September,2023,9/12/2023,3.1,15,980,80,2100,16,80,1100,4,52,-0.8753039480755738,-0.15736764306400977
mister,Mister Trash Wheel,609,September,2023,9/13/2023,3.97,15,300,50,1500,12,120,600,0,66,-0.907002763229451,-0.4123908094993992
mister,Mister Trash Wheel,610,September,2023,9/13/2023,2.86,15,450,120,900,0,100,800,0,48,-0.6342558223162685,-1.2518213863780259
mister,Mister Trash Wheel,611,September,2023,9/13/2023,3.53,15,80,20,500,4,40,350,2,59,-0.8971038220739705,-0.933163495543587
mister,Mister Trash Wheel,612,September,2023,9/19/2023,2.3899999999999997,10,1800,240,3600,24,280,2100,27,40,-0.5371373844800059,0.28950182548711667
mister,Mister Trash Wheel,613,September,2023,9/19/2023,3.26,15,2200,380,4800,40,410,2700,18,54,-0.5578410052770821,1.3306261016882575
mister,Mister Trash Wheel,614,September,2023,9/26/2023,3.55,15,3400,360,4200,20,300,1200,14,59,-0.6386709044250805,0.05283217025093562
mister,Mister Trash Wheel,615,October,2023,10/10/2023,2.27,15,3100,240,3300,12,220,980,30,38,-0.6190455659272002,-0.4679656063278185
mister,Mister Trash Wheel,616,October,2023,10/18/2023,2.19,15,2600,190,3900,18,290,1600,20,37,-0.5335593535632586,-0.10079051620956896
mister,Mister Trash Wheel,617,November,2023,11/24/2023,3.36,15,1800,120,2400,6,140,1900,14,56,-0.39415019050033206,-0.9115931352475923
mister,Mister Trash Wheel,618,November,2023,11/24/2023,2.9299999999999997,15,1200,180,3200,12,180,1000,22,49,-0.7007826848232863,-0.4536129607068649
mister,Mister Trash Wheel,619,November,2023,11/24/2023,2.46,15,2200,210,3700,21,240,1200,18,41,-0.7481360498818869,0.1414810726620885
mister,Mister Trash Wheel,620,November,2023,11/24/2023,3.23,15,1400,100,2000,8,80,980,10,54,-0.7363945680178535,-0.7060397008901664
mister,Mister Trash Wheel,621,November,2023,11/29/2023,2.07,10,2100,180,2800,18,200,1500,30,35,-0.6465126730959571,-0.07381951775647659
mister,Mister Trash Wheel,622,November,2023,11/29/2023,2.63,15,1600,240,3200,28,260,1100,18,44,-0.8991257762376684,0.6282752280991135
mister,Mister Trash Wheel,623,November,2023,11/29/2023,2.9499999999999997,15,2000,160,4400,24,180,2200,12,49,-0.6213530712040362,0.3075537238874381
mister,Mister Trash Wheel,624,December,2023,12/12/2023,3.18,15,3200,240,4200,30,210,1800,16,53,-0.7768969895015937,0.7339362235030965
mister,Mister Trash Wheel,625,December,2023,12/12/2023,3.73,15,2100,190,3000,22,190,1200,20,62,-0.8168566354775779,0.22237512647141047
mister,Mister Trash Wheel,626,December,2023,12/20/2023,3.01,15,1400,120,2900,12,220,980,32,50,-0.6613838248110251,-0.46106817029610786
mister,Mister Trash Wheel,627,December,2023,12/20/2023,2.34,15,880,75,2600,8,140,1400,10,39,-0.5852017508144982,-0.7412513299381439
mister,Mister Trash Wheel,628,December,2023,12/23/2023,2.88,15,2000,140,3200,18,200,1900,22,48,-0.5567846575168206,-0.09525308602108994
mister,Mister Trash Wheel,629,December,2023,12/23/2023,2.51,15,1200,210,4000,27,250,1600,21,42,-0.7697900980557011,0.5346662871538705
